EmpID,Q1,Q2,Q3,Consolidated_Score,Estimated_Next_Quarter_Score,Employee_Name,DeptID,Department,Position,Manager_ID
1000,68.37,52.16,42.49,54.34,39.76,Allison Hill,5,Production,Production Technician I,143
1001,40.38,43.08,40.02,41.16,40.3,Noah Rhodes,3,IT/IS,BI Developer,124
1002,51.49,45.48,42.51,46.49,41.0,Angie Henderson,3,IT/IS,IT Support,112
1003,37.27,42.36,57.34,45.66,63.67,Daniel Wagner,5,Production,Production Technician I,146
1004,31.99,49.47,40.32,40.59,45.5,Cristian Santos,5,Production,Production Technician II,146
1005,46.45,40.78,32.22,39.82,30.76,Connie Lawrence,5,Production,Production Technician I,143
1006,68.32,44.01,34.18,48.84,31.65,Abigail Shaffer,5,Production,Production Technician I,143
1007,31.38,43.54,51.75,42.22,59.33,Gina Moore,5,Production,Production Technician I,146
1008,47.51,44.29,27.33,39.71,26.73,Gabrielle Davis,5,Production,Production Manager,146
1009,34.45,46.98,49.53,43.65,55.01,Ryan Munoz,5,Production,Production Technician I,143
1010,37.21,41.49,33.37,37.36,33.62,Monica Herrera,5,Production,Production Technician I,146
1011,39.34,54.3,47.27,46.97,51.33,Jamie Arnold,5,Production,Production Technician I,146
1012,44.62,32.94,49.07,42.21,50.93,Lisa Hensley,5,Production,Production Technician I,140
1013,42.68,48.18,45.15,45.34,46.25,Michele Williams,5,Production,Production Technician I,143
1014,44.47,46.83,41.04,44.11,40.95,Dylan Miller,3,IT/IS,Sr. Network Engineer,124
1015,63.03,38.24,40.38,47.22,37.66,Brian Ramirez,3,IT/IS,Sr. Network Engineer,124
1016,56.18,43.94,63.64,54.59,66.06,Holly Wood,5,Production,Production Technician I,146
1017,42.37,40.36,27.16,36.63,26.44,Derek Zuniga,5,Production,Production Technician I,143
1018,28.57,43.2,41.0,37.59,46.59,Lisa Jackson,3,IT/IS,Senior BI Developer,112
1019,37.8,42.41,29.39,36.53,29.63,Carla Gray,5,Production,Production Technician I,143
1020,50.6,40.64,32.55,41.26,30.65,Margaret Hawkins,6,Sales,Sales Manager,106
1021,58.1,53.42,31.51,47.68,30.95,Patty Perez,3,IT/IS,Data Architect,124
1022,47.24,47.95,42.9,46.03,42.48,Ethan Adams,3,IT/IS,IT Support,112
1023,34.6,38.19,55.21,42.67,62.06,Tommy Walter,3,IT/IS,Data Analyst,124
1024,55.53,39.51,38.37,44.47,35.94,Matthew Foster,5,Production,Production Technician II,146
1025,61.48,47.16,43.05,50.56,40.48,Judy Baker,3,IT/IS,IT Manager - Infra,112
1026,45.82,47.05,47.85,46.91,48.3,Justin Baker,3,IT/IS,BI Developer,124
1027,30.29,38.9,44.32,37.84,48.95,Stephanie Ross,5,Production,Production Technician II,146
1028,49.73,38.99,41.69,43.47,40.08,Zachary Hicks,5,Production,Production Technician II,140
1029,54.18,42.95,34.83,43.99,32.75,Anthony Rodriguez,5,Production,Production Technician II,140
1030,40.89,48.9,37.16,42.32,38.13,Rebecca Henderson,5,Production,Production Manager,146
1031,37.06,51.14,47.54,45.25,52.0,James Ferrell,5,Production,Production Technician II,146
1032,49.48,48.27,50.29,49.35,50.31,Tricia Valencia,5,Production,Production Technician I,140
1033,59.24,52.82,41.47,51.18,39.69,Nathan Maldonado,5,Production,Production Technician II,140
1034,29.1,40.78,46.91,38.93,53.57,Debra Davidson,5,Production,Production Manager,143
1035,44.25,33.33,40.19,39.26,39.33,Jeffrey Chavez,5,Production,Production Technician I,143
1036,38.19,46.95,38.74,41.29,40.24,Sherri Baker,5,Production,Production Technician I,140
1037,40.36,38.66,51.14,43.39,53.84,Cassandra Gaines,6,Sales,Area Sales Manager,147
1038,40.8,45.28,42.02,42.7,42.78,Elizabeth Fowler,3,IT/IS,Network Engineer,131
1039,24.12,36.13,38.87,33.04,44.93,Brittany Farmer,5,Production,Production Technician I,143
1040,37.77,43.87,43.19,41.61,44.92,Paula Moreno,5,Production,Production Technician I,140
1041,41.98,33.36,42.15,39.16,42.11,Fred Smith,5,Production,Production Technician I,146
1042,55.07,53.23,37.83,48.71,36.82,Sherry Decker,5,Production,Production Technician I,143
1043,42.19,51.64,34.96,42.93,36.14,Anthony Humphrey,5,Production,Production Technician II,143
1044,39.31,48.21,59.42,48.98,65.83,Angelica Tucker,1,Admin Office,Jr. Accountant,108
1045,37.93,34.65,43.27,38.62,44.33,Philip Cannon,5,Production,Production Technician II,143
1046,29.18,39.49,47.06,38.58,53.49,John Pierce,5,Production,Production Technician I,146
1047,65.02,38.83,41.06,48.3,38.27,Shane Henderson,5,Production,Production Technician II,140
1048,53.27,50.5,37.86,47.21,36.66,Joshua Blair,5,Production,Production Technician II,146
1049,42.0,39.03,48.71,43.25,50.09,Eric Carney,3,IT/IS,Sr. DBA,131
1050,40.64,51.26,38.45,43.45,40.1,Jessica Holmes,5,Production,Production Technician I,140
1051,42.78,43.04,49.61,45.14,51.03,Danny Morgan,3,IT/IS,Database Administrator,131
1052,41.27,53.42,43.88,46.19,46.35,Crystal Robinson,5,Production,Production Manager,143
1053,40.66,44.53,52.35,45.85,55.36,Mark Perez,3,IT/IS,Network Engineer,131
1054,41.07,48.44,49.02,46.18,51.45,Shannon Jones,5,Production,Production Technician I,146
1055,53.98,39.68,39.63,44.43,37.38,Michael Lewis,5,Production,Production Technician I,143
1056,31.65,50.69,40.02,40.79,45.73,Timothy Duncan,5,Production,Production Technician I,146
1057,46.99,34.41,47.25,42.88,47.68,Richard Aguirre,5,Production,Production Technician II,140
1058,38.14,43.83,40.33,40.77,41.44,Brent Jordan,4,Software Engineering,Software Engineer,132
1059,44.09,39.27,56.23,46.53,59.67,John Daniel,3,IT/IS,CIO,131
1060,40.27,44.04,57.31,47.21,62.2,Victoria Garcia,3,IT/IS,BI Developer,124
1061,41.09,49.61,47.88,46.19,50.26,Gerald Hensley,5,Production,Production Manager,146
1062,41.08,48.57,42.81,44.15,44.17,Connor West,5,Production,Production Technician II,143
1063,38.26,29.59,30.36,32.74,28.94,Donald Wright,5,Production,Production Technician II,146
1064,49.36,46.88,41.37,45.87,40.29,Jessica Callahan,5,Production,Production Technician I,143
1065,47.78,36.7,41.83,42.1,40.56,Amber Kidd,5,Production,Production Technician I,140
1066,57.28,38.21,42.2,45.9,39.94,Tracy House,5,Production,Production Technician I,143
1067,39.87,48.3,34.86,41.01,35.89,Carol Tucker,5,Production,Production Technician I,146
1068,55.36,34.47,34.73,41.52,32.27,James Brown,5,Production,Production Technician I,143
1069,49.16,35.44,32.01,38.87,29.86,William Baker,4,Software Engineering,Software Engineer,132
1070,47.59,45.94,40.63,44.72,39.72,Jordan Henderson,3,IT/IS,Data Analyst,112
1071,51.41,36.87,46.56,44.95,45.75,Whitney Peters,5,Production,Production Technician II,143
1072,68.23,38.15,40.11,48.83,37.26,Brittney Phillips,3,IT/IS,IT Manager - Infra,112
1073,41.32,38.0,53.29,44.2,56.57,Lauren Daniels,6,Sales,Area Sales Manager,147
1074,33.13,33.68,46.53,37.78,50.39,Amy Silva,5,Production,Production Technician II,143
1075,34.71,43.67,35.3,37.89,36.9,Sarah Moore,5,Production,Production Technician I,143
1076,21.12,47.25,42.12,36.83,57.17,Angela Lopez,5,Production,Production Technician II,146
1077,35.41,62.16,43.67,47.08,51.69,Megan Young,5,Production,Production Technician II,146
1078,51.85,41.88,56.31,50.01,57.42,Steve Sanchez,5,Production,Production Technician I,143
1079,46.27,35.26,48.32,43.28,49.05,Lisa Barnes,6,Sales,Director of Sales,149
1080,52.83,44.83,48.67,48.78,47.58,Kelly Donovan,5,Production,Production Technician I,143
1081,41.63,44.17,40.4,42.07,40.56,Mike Allen,3,IT/IS,Sr. Network Engineer,112
1082,44.29,37.11,47.17,42.86,47.68,Michael Evans,5,Production,Production Technician II,143
1083,60.23,30.64,38.71,43.19,36.97,Paul Jones,5,Production,Production Technician II,140
1084,57.71,50.88,26.76,45.12,26.72,Zachary Ferrell,1,Admin Office,Shared Services Manager,130
1085,29.39,33.68,30.95,31.34,31.77,Daniel Baker,5,Production,Production Technician I,140
1086,48.84,37.87,38.63,41.78,36.81,Shirley Suarez,5,Production,Production Technician I,143
1087,54.94,55.79,32.06,47.6,32.12,Christopher Bass,5,Production,Production Technician I,143
1088,40.99,41.24,27.81,36.68,27.36,Lisa Archer,6,Sales,Area Sales Manager,147
1089,50.85,43.62,43.01,45.83,41.51,Aimee Montoya,5,Production,Production Manager,146
1090,26.66,43.87,41.05,37.19,48.24,Matthew Mcmillan,5,Production,Production Manager,143
1091,53.71,47.5,43.6,48.27,41.98,Brian Rodriguez,5,Production,Production Technician I,143
1092,40.34,33.91,52.17,42.14,56.08,Denise Jacobs,5,Production,Production Technician I,140
1093,31.32,50.35,36.43,39.37,41.53,Christina Walters,6,Sales,Area Sales Manager,147
1094,55.3,39.79,33.36,42.82,31.04,John Whitehead,5,Production,Production Technician I,146
1095,48.0,34.84,43.23,42.02,42.36,Anna Henderson,6,Sales,Sales Manager,106
1096,48.65,46.63,37.45,44.24,36.36,Aaron Wise,5,Production,Production Technician II,146
1097,30.11,46.87,53.86,43.61,64.09,Deborah Figueroa,3,IT/IS,Senior BI Developer,124
1098,54.97,44.48,42.61,47.35,40.56,Jessica Smith,5,Production,Production Technician I,146
1099,36.07,40.08,42.32,39.49,43.95,Stephen Mckee,5,Production,Production Technician I,143
1100,35.85,42.88,56.19,44.97,62.79,Sandra Aguilar,5,Production,Production Technician II,140
1101,27.19,43.01,45.4,38.53,53.47,Cameron Parker,5,Production,Production Technician II,143
1102,45.21,36.45,43.19,41.62,42.59,Rebecca Valencia,5,Production,Production Technician I,143
1103,56.08,54.0,53.23,54.44,52.64,Christine Wright,5,Production,Production Technician I,140
1104,48.52,31.84,44.59,41.65,44.59,Richard Henson,5,Production,Production Technician I,140
1105,56.32,39.53,53.5,49.78,53.42,Marc Moore,3,IT/IS,IT Support,112
1106,54.78,46.42,36.51,45.9,34.65,Sharon Cherry,5,Production,Production Technician I,140
1107,33.16,47.62,23.76,34.85,26.55,Sierra Johnson,5,Production,Production Technician I,146
1108,43.63,46.09,36.88,42.2,36.62,Evelyn Galvan,5,Production,Production Technician I,146
1109,45.32,46.66,46.89,46.29,47.28,Sharon Cochran,6,Sales,Area Sales Manager,147
1110,48.01,48.75,34.77,43.84,34.19,Richard Rodriguez,6,Sales,Area Sales Manager,106
1111,32.61,48.59,41.31,40.84,46.09,Shannon Walker,5,Production,Production Technician I,143
1112,38.98,40.84,41.33,40.38,41.91,Julia Torres,5,Production,Production Technician I,140
1113,48.91,35.59,52.21,45.57,53.77,Crystal Johnson,5,Production,Production Technician I,140
1114,42.03,31.85,34.79,36.22,33.39,Garrett Lin,3,IT/IS,Sr. Network Engineer,112
1115,53.55,45.24,50.35,49.71,49.41,Diana May,5,Production,Production Technician I,143
1116,39.15,47.48,42.69,43.11,44.49,William Herrera,4,Software Engineering,Software Engineer,103
1117,48.15,48.4,40.78,45.78,40.11,Ashley Waller,5,Production,Production Technician I,143
1118,49.03,43.54,35.22,42.6,33.7,Victor Baker,6,Sales,Area Sales Manager,147
1119,30.56,42.22,41.55,38.11,45.84,Jeffrey Chandler,5,Production,Production Technician I,140
1120,55.34,41.71,27.8,41.62,26.3,Larry Dixon,5,Production,Production Technician I,143
1121,39.97,47.58,46.13,44.56,48.24,Kenneth Scott,5,Production,Production Technician I,146
1122,61.67,50.04,27.47,46.39,27.0,April Frost,5,Production,Production Technician I,146
1123,50.03,49.78,40.71,46.84,39.88,Michelle Harmon,5,Production,Production Technician I,140
1124,39.27,55.96,37.29,44.17,40.55,Helen Jones,5,Production,Production Technician I,146
1125,58.75,47.68,35.65,47.36,33.66,Erin Edwards,4,Software Engineering,Software Engineering Manager,117
1126,44.74,51.15,43.35,46.41,44.13,Michelle Evans,3,IT/IS,Data Analyst,112
1127,37.93,35.12,48.55,40.53,51.38,Jason Powell,5,Production,Production Technician II,143
1128,34.48,40.39,38.89,37.92,40.43,Cameron Fisher,5,Production,Production Technician II,146
1129,52.2,39.01,45.13,45.45,43.71,Megan Orr,5,Production,Production Technician I,140
1130,47.64,53.75,39.04,46.81,39.38,Elizabeth Kelley,5,Production,Production Technician II,140
1131,40.75,35.46,40.42,38.88,40.1,Dustin Jordan,5,Production,Production Technician I,140
1132,39.56,32.1,45.2,38.95,46.8,Mary Marshall,5,Production,Production Technician I,140
1133,60.14,32.21,29.9,40.75,27.54,Daniel Kennedy,5,Production,Production Technician II,146
1134,35.32,35.0,45.57,38.63,48.16,Rebecca Jackson,5,Production,Production Technician I,146
1135,49.99,39.58,43.85,44.47,42.5,Jose Schultz,6,Sales,Sales Manager,106
1136,59.23,55.71,40.39,51.78,39.08,Robert Potter,5,Production,Production Technician II,140
1137,45.1,54.06,30.88,43.35,32.13,Courtney Gonzalez,5,Production,Production Technician I,140
1138,35.84,43.99,27.77,35.87,28.83,David Alvarez,5,Production,Production Manager,146
1139,57.58,51.68,49.42,52.89,47.93,Angel Perry,5,Production,Production Technician I,146
1140,52.43,57.09,47.45,52.32,47.58,Cheyenne Horton,5,Production,Production Technician I,143
1141,62.35,39.8,42.09,48.08,39.41,David Douglas,6,Sales,Area Sales Manager,106
1142,48.05,28.4,59.4,45.28,69.36,Patricia Rodriguez,3,IT/IS,Database Administrator,112
1143,52.7,54.28,33.58,46.85,33.43,Christopher Rubio,5,Production,Production Technician I,143
1144,27.2,43.35,41.6,37.38,48.39,Amber Wright,5,Production,Production Technician II,146
1145,39.85,47.37,52.21,46.48,55.81,Joyce Solis,5,Production,Production Technician I,146
1146,39.86,44.8,37.73,40.8,38.2,Victoria Larson,6,Sales,Area Sales Manager,147
1147,40.42,48.36,43.48,44.09,45.12,Stephanie Salazar,5,Production,Production Technician II,143
1148,27.8,51.06,37.39,38.75,45.24,Kathy Rivas,5,Production,Production Manager,146
1149,62.77,54.06,35.18,50.67,33.82,Stephanie Manning,5,Production,Production Technician I,143
1150,36.1,26.71,33.1,31.97,32.52,David Wright,5,Production,Production Technician I,140
1151,45.07,44.35,46.87,45.43,47.11,Pamela Boyd,5,Production,Production Technician I,143
1152,42.79,52.58,52.35,49.24,55.53,Denise Jones,5,Production,Production Technician I,143
1153,49.2,54.56,36.41,46.72,36.65,Devon Flores,6,Sales,Area Sales Manager,106
1154,38.37,43.93,38.42,40.24,39.23,Brenda Hall,5,Production,Production Technician I,146
1155,43.91,38.17,28.39,36.82,27.07,Michelle Brown,5,Production,Production Technician II,140
1156,61.06,42.82,44.03,49.3,41.44,Joshua Perry,3,IT/IS,Data Analyst,131
1157,31.44,26.38,34.31,30.71,34.91,Jason Stein,5,Production,Production Technician I,143
1158,49.55,31.48,39.3,40.11,37.94,Melissa Gates,5,Production,Production Technician I,146
1159,37.66,33.41,51.96,41.01,56.72,Jamie Smith,5,Production,Production Technician II,143
1160,59.83,38.34,51.29,49.82,50.46,Paul Castaneda,6,Sales,Area Sales Manager,147
1161,62.64,42.33,58.24,54.4,58.14,Jennifer Adkins,5,Production,Production Technician I,143
1162,42.19,55.5,43.09,46.93,45.63,Lindsey Walker,5,Production,Production Technician II,140
1163,56.8,32.5,48.71,46.0,49.11,Jeffrey Johnson,5,Production,Production Technician I,140
1164,42.68,47.24,40.93,43.62,41.35,Michael Powell,5,Production,Production Technician I,143
1165,37.65,53.63,43.91,45.06,47.99,John Anderson,5,Production,Production Technician I,140
1166,54.03,38.12,45.68,45.94,44.22,Alyssa Long,5,Production,Production Technician I,140
1167,49.97,33.76,42.99,42.24,42.0,Alyssa Day,5,Production,Production Technician I,140
1168,54.26,52.2,37.23,47.9,36.2,Joel Williams,5,Production,Production Technician I,140
1169,41.78,46.03,37.91,41.91,38.12,Daniel Murphy,5,Production,Production Technician I,140
1170,65.52,42.59,43.95,50.69,41.08,Jamie Walton,5,Production,Production Technician II,140
1171,37.79,19.16,48.74,35.23,62.61,Darlene Miller,5,Production,Production Technician II,146
1172,46.07,28.28,43.35,39.23,44.34,Joshua Cooke,5,Production,Production Technician I,140
1173,38.62,24.97,50.97,38.19,59.41,Matthew Harrington,3,IT/IS,Sr. DBA,131
1174,58.45,38.65,42.35,46.48,39.99,Nicole Herring,1,Admin Office,Administrative Assistant,113
1175,42.56,38.18,30.69,37.14,29.41,Alex Hernandez,6,Sales,Area Sales Manager,149
1176,40.52,34.92,29.71,35.05,28.32,Michael Elliott,5,Production,Production Technician I,140
1177,40.99,34.49,36.45,37.31,35.41,Michael Wang,3,IT/IS,BI Developer,124
1178,35.19,36.58,42.23,38.0,43.83,Lawrence Adkins,5,Production,Production Technician I,146
1179,54.36,49.0,55.7,53.02,55.64,Robert Oconnell,6,Sales,Area Sales Manager,147
1180,58.87,49.96,44.33,51.05,42.25,Alexander Collins,1,Admin Office,Administrative Assistant,113
1181,57.15,35.7,34.05,42.3,31.5,Tina Sanders,5,Production,Production Technician I,143
1182,31.37,35.87,45.74,37.66,50.02,Angela Vaughn,5,Production,Production Technician I,143
1183,37.07,34.76,43.22,38.35,44.5,Ashley Barton,5,Production,Production Technician I,146
1184,44.73,33.87,36.77,38.46,35.25,Lindsay Martinez,5,Production,Production Technician II,143
1185,45.89,35.26,44.99,42.05,44.81,Hannah Patterson,5,Production,Production Technician I,143
1186,32.97,32.95,36.76,34.23,37.48,Jonathan Peterson,5,Production,Production Technician I,143
1187,35.04,34.68,40.77,36.83,41.95,Samantha Garcia,5,Production,Production Technician I,140
1188,24.6,47.53,32.11,34.75,39.73,Madison Poole,5,Production,Production Technician I,140
1189,43.8,53.78,34.69,44.09,35.97,Jessica Gross,5,Production,Production Technician I,146
1190,48.75,45.47,34.32,42.85,33.13,Debra Morton,5,Production,Production Technician I,146
1191,60.88,39.32,50.82,50.34,49.58,Karen Graham,3,IT/IS,Sr. Network Engineer,124
1192,52.13,40.22,29.68,40.68,27.88,Debra Christian,4,Software Engineering,Software Engineer,132
1193,49.2,44.72,32.51,42.14,31.26,Angelica Keith,5,Production,Production Technician I,143
1194,44.8,42.33,45.0,44.04,44.84,John Bishop,5,Production,Production Technician I,143
1195,28.46,45.54,41.07,38.36,47.47,Allen Rosales,3,IT/IS,IT Manager - DB,124
1196,49.72,48.2,46.61,48.18,46.04,Daniel Salinas,5,Production,Production Technician II,140
1197,35.57,60.71,43.06,46.45,50.35,Spencer Haynes,3,IT/IS,IT Support,131
1198,48.24,39.97,34.2,40.8,32.4,Adam Vaughan,5,Production,Production Technician I,143
1199,30.1,37.47,48.42,38.66,54.59,Nathan Freeman,5,Production,Production Technician I,143
1200,37.95,54.63,35.42,42.67,38.68,Melissa Brewer,5,Production,Production Technician II,146
1201,45.01,33.81,49.97,42.93,51.87,Ricky Davis,5,Production,Production Technician I,140
1202,37.1,46.15,40.35,41.2,42.28,Elizabeth Perkins,6,Sales,Area Sales Manager,106
1203,51.1,39.92,31.99,41.0,30.02,Joseph Coleman,5,Production,Production Technician II,143
1204,30.21,31.27,57.7,39.73,70.09,Erin Warner,5,Production,Production Technician I,143
1205,40.38,48.51,27.74,38.88,28.88,David Martinez,6,Sales,Area Sales Manager,106
1206,43.08,30.27,40.64,38.0,40.49,Bryan Herrera,5,Production,Production Technician I,146
1207,41.94,57.1,46.92,48.65,50.45,Cathy Robinson,3,IT/IS,Database Administrator,112
1208,52.43,56.17,43.34,50.65,43.15,William Warren,5,Production,Production Technician I,143
1209,39.76,49.16,47.23,45.38,49.93,Brian Lee,6,Sales,Director of Sales,149
1210,30.78,43.69,51.76,42.08,59.8,Christopher Smith,5,Production,Production Manager,140
1211,49.09,43.01,39.68,43.93,38.16,Denise Mccann,5,Production,Production Technician I,146
1212,48.96,37.16,42.47,42.86,41.13,Melissa Martinez,5,Production,Production Technician I,143
1213,54.71,38.19,40.68,44.53,38.46,Katherine Salas,5,Production,Production Technician I,146
1214,43.17,42.29,40.03,41.83,39.54,Julie Alexander,6,Sales,Area Sales Manager,106
1215,44.39,54.04,45.28,47.9,46.94,Anthony Everett,5,Production,Production Technician II,143
1216,45.33,44.4,46.85,45.53,47.02,Rodney Morales,5,Production,Production Technician II,140
1217,57.72,44.63,47.77,50.04,45.84,Mark Brown,5,Production,Production Technician II,146
1218,43.2,45.98,56.19,48.46,59.5,Justin Torres,5,Production,Production Technician I,140
1219,38.52,40.67,53.05,44.08,57.05,Bailey Duran,3,IT/IS,Sr. DBA,131
1220,43.91,37.51,55.75,45.72,59.39,Courtney Mills,3,IT/IS,CIO,131
1221,31.69,44.02,29.16,34.96,31.43,Jeremy Dalton,1,Admin Office,Administrative Assistant,130
1222,20.61,43.13,35.61,33.12,46.31,Elizabeth Oliver,5,Production,Production Technician I,146
1223,34.7,45.55,40.48,40.24,43.26,Theresa Clark,5,Production,Production Manager,140
1224,37.6,47.44,56.06,47.03,62.05,Matthew Moore,5,Production,Production Technician II,143
1225,53.93,49.41,40.15,47.83,38.64,Benjamin Smith,5,Production,Production Technician I,143
1226,64.63,39.02,43.08,48.91,40.42,Kirk Carter,5,Production,Production Technician I,143
1227,54.71,41.83,45.36,47.3,43.54,Michael Warner,5,Production,Production Technician I,146
1228,34.08,43.22,49.12,42.14,53.98,Michael Bradshaw,5,Production,Production Technician I,143
1229,40.49,40.57,47.8,42.95,49.36,Lori Guerrero,3,IT/IS,CIO,131
1230,49.93,47.16,33.55,43.55,32.51,Jessica Stephens,5,Production,Production Technician I,143
1231,48.68,37.9,46.13,44.24,45.49,Susan Serrano,5,Production,Production Technician I,140
1232,38.87,38.93,44.0,40.6,45.01,Christopher Parker,5,Production,Production Technician I,146
1233,39.49,25.6,39.58,34.89,40.87,Laura Roberts,5,Production,Production Technician I,140
1234,33.28,45.94,37.59,38.94,40.61,Michael Lyons,5,Production,Production Technician I,143
1235,29.67,54.9,43.56,42.71,53.12,Kathryn Snyder,3,IT/IS,Senior BI Developer,112
1236,16.23,46.85,37.81,33.63,58.97,Andrew Reynolds,5,Production,Production Manager,146
1237,47.91,42.12,33.48,41.17,31.97,David Davis,6,Sales,Area Sales Manager,149
1238,30.75,41.14,42.57,38.15,46.8,Sara Johnston,5,Production,Production Technician I,140
1239,25.12,40.7,35.62,33.81,41.25,Yvonne Chambers,5,Production,Production Technician I,146
1240,31.02,57.98,45.95,44.98,56.3,Andrew Avila,1,Admin Office,Administrative Assistant,130
1241,45.4,57.72,43.38,48.83,45.36,Matthew Moon,5,Production,Production Technician I,143
1242,57.76,40.28,46.8,48.28,44.94,Kevin Walters,5,Production,Production Technician II,146
1243,57.61,48.04,53.05,52.9,51.86,Brandon Bailey,5,Production,Production Technician I,146
1244,35.39,32.05,28.83,32.09,27.84,Shannon Rivera,5,Production,Production Technician I,146
1245,58.72,34.71,41.83,45.09,39.82,Donna Landry,5,Production,Production Technician I,146
1246,57.55,56.23,32.04,48.61,31.93,Krista Gibson,1,Admin Office,Shared Services Manager,130
1247,56.08,46.44,26.51,43.01,25.88,Frank Cordova,5,Production,Production Technician I,143
1248,55.54,35.55,52.03,47.71,52.62,Jose Travis,5,Production,Production Technician II,146
1249,29.44,36.94,37.1,34.49,39.68,Kimberly Gutierrez,3,IT/IS,Senior BI Developer,112
1250,46.91,40.78,48.03,45.24,47.98,Isaiah Avila,6,Sales,Area Sales Manager,149
1251,29.5,53.07,41.25,41.27,49.58,Olivia Harris,5,Production,Production Technician I,140
1252,50.83,45.37,56.85,51.02,58.0,Tanya Kim,5,Production,Production Technician I,143
1253,44.79,33.0,31.05,36.28,29.12,Barbara Dudley,3,IT/IS,CIO,131
1254,40.24,53.15,25.33,39.57,27.81,Cynthia Moore,5,Production,Production Manager,143
1255,36.17,40.17,51.87,42.74,56.43,Kristen Davis,3,IT/IS,Senior BI Developer,112
1256,48.24,39.23,41.54,43.0,40.12,Susan Murray,3,IT/IS,Database Administrator,112
1257,29.34,48.4,51.52,43.09,61.87,Kathleen Moran,6,Sales,Area Sales Manager,147
1258,46.56,33.64,39.52,39.91,38.22,Denise Davenport,5,Production,Production Technician II,143
1259,34.93,36.52,34.42,35.29,34.54,Kristen Reyes,5,Production,Production Technician I,143
1260,37.52,34.01,50.17,40.57,53.99,Katie Suarez,5,Production,Production Technician I,140
1261,37.27,37.09,47.91,40.76,50.58,Desiree Tyler,5,Production,Production Technician I,146
1262,40.89,45.84,44.75,43.83,46.0,Timothy Romero,4,Software Engineering,Software Engineer,132
1263,22.77,42.29,37.24,34.1,45.92,Diane Evans,5,Production,Production Technician II,146
1264,54.54,27.66,54.91,45.7,61.61,Yvonne Burns,5,Production,Production Technician II,140
1265,39.74,35.72,38.73,38.06,38.3,Joshua Reed,1,Admin Office,Jr. Accountant,108
1266,46.06,48.98,43.82,46.29,43.92,Kimberly Gibson,6,Sales,Area Sales Manager,147
1267,49.93,52.35,40.35,47.54,39.95,Colin Terry,1,Admin Office,Sr. Accountant,130
1268,31.9,58.93,43.75,44.86,53.11,Cynthia Rowe,6,Sales,Area Sales Manager,106
1269,40.22,52.49,39.07,43.93,41.2,Patrick Thornton,5,Production,Production Technician I,143
1270,54.17,27.38,52.17,44.57,57.39,Jasmin Alvarado,6,Sales,Area Sales Manager,106
1271,30.36,42.73,35.55,36.21,38.73,Veronica Simpson,3,IT/IS,IT Support,131
1272,43.56,56.24,42.64,47.48,44.83,Jonathan Lawrence,5,Production,Production Technician I,140
1273,44.47,53.14,30.09,42.57,31.32,Shelly Alexander,3,IT/IS,CIO,131
1274,33.74,49.36,40.93,41.34,45.24,Joyce Bowen,5,Production,Production Technician I,143
1275,46.6,40.0,34.02,40.21,32.41,Wayne Morgan,5,Production,Production Technician I,140
1276,33.86,36.99,42.45,37.77,44.61,Marie Christian,5,Production,Production Technician II,143
1277,45.97,60.56,38.15,48.23,40.47,Shannon James,5,Production,Production Technician I,146
1278,41.96,37.7,44.04,41.23,44.22,Nathan Malone,3,IT/IS,IT Support,112
1279,28.88,37.51,50.36,38.92,58.23,Amanda Jones,5,Production,Production Technician II,146
1280,31.22,46.74,51.48,43.15,59.77,Tammie Bright,5,Production,Production Technician I,143
1281,42.51,45.6,39.36,42.49,39.42,Jessica Garcia,6,Sales,Area Sales Manager,149
1282,33.57,41.32,58.08,44.32,66.89,Shelia Wallace,5,Production,Production Technician I,146
1283,23.67,49.68,54.2,42.52,73.27,Stephanie Williams,6,Sales,Area Sales Manager,149
1284,56.65,42.48,36.74,45.29,34.35,Elaine Brooks,5,Production,Production Technician I,143
1285,54.97,34.73,49.1,46.27,49.03,Joseph Knight,5,Production,Production Technician I,146
1286,62.77,42.51,48.63,51.3,46.39,Carolyn Miller,5,Production,Production Technician I,143
1287,31.97,43.83,48.96,41.59,55.11,Lisa Allen,5,Production,Production Manager,140
1288,48.66,44.05,35.46,42.72,34.04,Briana Murray,4,Software Engineering,Software Engineer,132
1289,33.38,37.58,27.93,32.96,28.16,David Smith,5,Production,Production Technician II,140
1290,53.35,32.61,40.38,42.11,38.77,Stephanie Byrd,5,Production,Production Technician I,143
1291,34.44,46.24,39.98,40.22,42.95,Jeremy Reed,1,Admin Office,Sr. Accountant,113
1292,57.72,45.42,43.62,48.92,41.35,Margaret Coleman,5,Production,Production Technician I,146
1293,61.4,40.63,39.52,47.18,36.76,Ryan Gonzalez,3,IT/IS,IT Manager - Infra,112
1294,15.81,37.51,30.84,28.05,42.9,John Young,5,Production,Production Manager,146
1295,44.72,48.14,52.34,48.4,54.16,Laura Haney,3,IT/IS,Network Engineer,131
1296,43.27,39.11,31.86,38.08,30.59,William Barrett,6,Sales,Sales Manager,106
1297,32.52,59.23,29.36,40.37,35.92,Keith Jennings,3,IT/IS,Senior BI Developer,112
1298,41.71,30.81,35.65,36.06,34.47,Amber Obrien,5,Production,Production Technician I,146
1299,43.68,45.95,40.34,43.32,40.24,Tanner Mitchell,3,IT/IS,Database Administrator,112
1300,34.24,47.15,45.64,42.34,50.16,Heather Fields,5,Production,Production Technician I,140
1301,55.34,40.23,48.67,48.08,47.42,Megan Le,5,Production,Production Technician II,146
1302,37.39,43.97,39.52,40.29,40.79,Sara Fuller,5,Production,Production Technician I,146
1303,38.98,31.17,47.62,39.26,50.57,Maria Parker,5,Production,Production Technician I,140
1304,61.24,38.45,28.41,42.7,26.4,Kevin Oconnor,5,Production,Production Technician I,146
1305,62.18,54.09,41.2,52.49,39.27,Edward Burgess,5,Production,Production Technician I,146
1306,53.51,54.24,37.37,48.37,36.78,Carlos Ryan,4,Software Engineering,Software Engineer,132
1307,53.04,35.26,44.22,44.17,42.95,Kiara Mcintyre,5,Production,Production Technician II,140
1308,26.29,46.35,39.37,37.34,47.2,Dawn Summers,5,Production,Production Technician I,146
1309,49.77,52.49,25.47,42.58,26.5,Paul Morgan,5,Production,Production Technician I,146
1310,29.19,45.2,60.86,45.08,75.19,Victor Taylor,5,Production,Production Technician II,143
1311,29.93,30.03,36.1,32.02,37.47,Shannon Ramsey,3,IT/IS,Sr. Network Engineer,124
1312,49.31,32.55,46.33,42.73,46.6,Tracy Ballard,5,Production,Production Technician II,140
1313,33.5,39.25,32.72,35.16,33.51,Richard Smith,5,Production,Production Technician I,146
1314,39.1,43.82,59.05,47.32,65.21,Jordan Chambers,5,Production,Production Technician I,143
1315,51.32,46.99,40.75,46.35,39.33,Lauren Carson,5,Production,Production Technician I,143
1316,48.27,42.78,56.39,49.15,58.25,Ashley Hall,5,Production,Production Technician II,143
1317,52.05,43.31,47.84,47.73,46.75,Stephen Hoffman,5,Production,Production Technician I,143
1318,62.27,35.26,37.54,45.02,34.93,Connie Brown,5,Production,Production Technician II,146
1319,30.11,41.58,43.89,38.53,48.99,Susan Turner,5,Production,Production Technician I,143
1320,30.29,35.96,49.42,38.56,55.87,Charles Shah,3,IT/IS,Enterprise Architect,124
1321,52.4,48.62,36.32,45.78,35.03,Johnathan Davis,5,Production,Production Technician I,143
1322,50.44,49.3,50.54,50.09,50.45,Brandy Chavez,3,IT/IS,Data Analyst,112
1323,45.82,48.55,55.95,50.11,58.35,Natalie Bautista,4,Software Engineering,Software Engineering Manager,117
1324,66.3,48.4,52.43,55.71,49.99,Patrick Moore,5,Production,Production Technician I,146
1325,51.32,38.2,52.43,47.32,53.04,Brett Burns,5,Production,Production Technician I,143
1326,34.9,54.03,42.4,43.78,47.75,Trevor Johnson,1,Admin Office,Jr. Accountant,108
1327,62.37,44.96,34.88,47.4,32.49,Jeremy Sampson,3,IT/IS,Database Administrator,124
1328,61.56,55.72,29.06,48.78,29.14,Ariana Jennings,5,Production,Production Technician I,146
1329,42.3,41.59,37.89,40.59,37.3,Vanessa Howard,5,Production,Production Technician II,143
1330,26.1,27.1,42.41,31.87,48.2,Colton Martinez,5,Production,Production Technician I,146
1331,45.59,52.53,48.13,48.75,49.47,Jordan Bates,5,Production,Production Manager,146
1332,54.61,41.57,44.25,46.81,42.32,Linda Smith,5,Production,Production Technician II,140
1333,29.86,47.73,45.52,41.04,52.97,Dana Martinez,5,Production,Production Technician I,146
1334,30.76,43.18,36.89,36.94,40.24,Andrea Hubbard,5,Production,Production Technician II,143
1335,39.08,42.89,57.53,46.5,63.06,Daniel Kane,3,IT/IS,Sr. Network Engineer,112
1336,35.67,45.51,48.4,43.19,52.59,Charles Lester,5,Production,Production Technician II,146
1337,52.46,54.06,34.31,46.94,34.08,Scott Thomas,5,Production,Production Technician II,140
1338,42.66,48.98,33.75,41.8,34.24,David Thompson,5,Production,Production Technician I,143
1339,60.97,48.29,45.48,51.58,43.07,Allison Smith,5,Production,Production Technician I,146
1340,62.44,39.83,47.65,49.97,45.58,Cynthia Morris,3,IT/IS,Data Analyst,131
1341,39.77,38.07,57.78,45.21,63.61,Anthony Harmon,5,Production,Production Technician II,140
1342,59.7,40.1,42.15,47.32,39.61,Nichole Alvarez,5,Production,Production Technician II,146
1343,49.52,47.41,53.97,50.3,54.68,Kayla Rodriguez,3,IT/IS,BI Developer,124
1344,40.51,42.15,52.08,44.91,54.96,Theresa Williams,5,Production,Production Technician I,140
1345,52.56,49.83,56.51,52.97,57.07,Sharon Boyd,5,Production,Production Technician I,140
1346,39.14,53.66,41.41,44.74,44.48,Victor Brown,1,Admin Office,Jr. Accountant,108
1347,55.13,30.78,51.48,45.8,53.94,James Parks,5,Production,Production Technician I,143
1348,49.77,45.38,47.88,47.68,47.27,Theodore Jones,5,Production,Production Technician I,140
1349,56.15,36.55,48.51,47.07,47.71,Ana Hill,5,Production,Production Technician I,146
1350,51.15,45.62,23.97,40.25,23.97,Kimberly Nguyen,5,Production,Production Technician I,140
1351,67.71,42.55,40.8,50.35,37.77,Kerry Chavez,5,Production,Production Technician I,143
1352,22.92,30.59,35.13,29.55,39.4,Michael Farrell,5,Production,Production Technician I,140
1353,46.51,40.04,43.39,43.31,42.52,Patricia Le,5,Production,Production Technician I,146
1354,66.13,37.6,33.77,45.83,31.08,Jesse Perez,5,Production,Production Technician I,146
1355,49.87,53.1,43.09,48.69,42.9,Jesse Perry,5,Production,Production Technician II,140
1356,40.89,51.35,39.6,43.95,41.28,Jeffery Ortega,5,Production,Production Technician I,146
1357,29.65,48.39,45.0,41.01,52.65,Christian Leblanc,5,Production,Production Technician I,143
1358,40.39,35.67,45.77,40.61,46.89,Ronald Davis,3,IT/IS,Database Administrator,131
1359,48.78,37.37,41.96,42.7,40.55,Parker Cain,5,Production,Production Technician I,146
1360,34.08,33.16,48.58,38.61,53.04,Laurie Hoffman,5,Production,Production Technician I,143
1361,47.45,38.31,35.96,40.57,34.15,Bryan Gomez,5,Production,Production Technician I,140
1362,33.11,48.12,58.7,46.64,68.91,Nicole Parrish,5,Production,Production Technician I,143
1363,31.45,38.18,44.91,38.18,49.03,Tracy Burke,5,Production,Production Technician I,140
1364,41.94,35.97,55.06,44.32,59.32,Kenneth Lewis,5,Production,Production Technician II,143
1365,62.9,30.67,56.6,50.06,61.24,Courtney Rodriguez,5,Production,Production Technician I,146
1366,33.19,43.79,50.48,42.49,56.42,Holly Farmer,5,Production,Production Technician II,143
1367,37.15,29.55,37.92,34.87,38.05,Renee Bruce,5,Production,Production Technician I,143
1368,46.77,31.07,31.12,36.32,29.04,Sabrina Austin,5,Production,Production Technician I,143
1369,25.09,49.4,47.53,40.67,60.96,Allison Hickman,5,Production,Production Technician II,143
1370,34.12,28.07,53.56,38.58,62.77,Debra White,6,Sales,Director of Sales,149
1371,60.02,48.55,36.18,48.25,34.15,Ellen Morgan,5,Production,Production Technician I,146
1372,28.18,29.1,37.4,31.56,39.81,Sergio Knight,5,Production,Production Technician I,146
1373,40.24,37.17,40.94,39.45,40.85,Charles Schultz,5,Production,Production Technician I,143
1374,56.23,39.4,49.86,48.5,48.86,Paul Lewis,3,IT/IS,IT Manager - DB,131
1375,43.89,52.01,42.42,46.11,43.54,Glen Wood,5,Production,Production Technician II,140
1376,47.18,46.62,41.88,45.23,41.22,Paula Bradley,6,Sales,Area Sales Manager,147
1377,54.17,32.15,44.09,43.47,43.36,Anthony Moore,6,Sales,Area Sales Manager,147
1378,59.08,41.19,35.54,45.27,32.99,Megan Nelson,3,IT/IS,BI Developer,124
1379,55.17,29.94,32.78,39.3,30.58,Karla Ramos,5,Production,Production Technician I,146
1380,40.75,34.48,48.94,41.39,51.22,Paul Wilson,3,IT/IS,Network Engineer,131
1381,40.26,36.35,49.0,41.87,51.16,Douglas Gregory,5,Production,Production Technician I,146
1382,53.35,48.39,50.65,50.8,49.87,Andrew Foster,5,Production,Production Technician I,140
1383,31.65,41.81,30.63,34.7,32.43,Aimee Turner,5,Production,Production Technician II,146
1384,46.12,55.91,44.27,48.77,45.68,Chad Scott,5,Production,Production Technician I,146
1385,40.02,37.73,45.16,40.97,46.11,Adam Burgess,5,Production,Production Technician II,143
1386,59.44,39.19,45.78,48.14,43.72,James Padilla,6,Sales,Area Sales Manager,147
1387,36.99,46.46,40.24,41.23,42.26,Sandra Drake,5,Production,Production Technician I,143
1388,47.64,56.02,35.15,46.27,36.07,Scott Williams,5,Production,Production Manager,140
1389,40.74,39.35,48.61,42.9,50.32,Thomas Atkins,6,Sales,Area Sales Manager,149
1390,48.42,44.38,30.0,40.93,29.0,Laura Mckinney,5,Production,Production Technician II,140
1391,42.21,33.46,39.17,38.28,38.4,Brian Smith,5,Production,Production Technician II,140
1392,40.8,37.61,29.31,35.91,28.22,Robert Montgomery,5,Production,Production Manager,143
1393,53.14,32.13,57.76,47.68,62.87,Tamara Davis,5,Production,Production Manager,140
1394,42.81,40.15,42.69,41.88,42.46,Dana Chapman,6,Sales,Area Sales Manager,149
1395,44.03,58.98,50.46,51.16,54.12,Jennifer Collins,5,Production,Production Technician II,143
1396,64.15,32.16,38.01,44.77,35.82,Gary Jackson,5,Production,Production Technician I,146
1397,45.25,46.46,37.99,43.23,37.49,Ashley Hicks,3,IT/IS,IT Director,131
1398,33.88,44.41,50.56,42.95,56.23,Hannah Luna,5,Production,Production Technician I,140
1399,60.49,34.89,27.7,41.03,25.6,Robin Young,5,Production,Production Technician II,140
1400,30.05,57.59,47.06,44.9,58.5,Craig Morrison,5,Production,Production Technician I,146
1401,52.05,39.58,29.51,40.38,27.67,Mary Thompson,5,Production,Production Technician I,143
1402,40.63,36.9,41.37,39.63,41.27,Kathleen Webster,5,Production,Production Technician I,146
1403,29.26,35.78,28.13,31.06,29.1,Joann Glass,5,Production,Production Technician I,140
1404,31.24,39.88,43.05,38.06,46.92,Madison Weber,1,Admin Office,Administrative Assistant,130
1405,29.82,41.26,48.51,39.86,55.41,Lori Hernandez,5,Production,Production Technician I,140
1406,35.64,33.99,49.06,39.56,53.03,Jeremy Turner,5,Production,Production Technician I,143
1407,32.33,40.28,33.2,35.27,34.64,Anthony Romero,1,Admin Office,Administrative Assistant,108
1408,45.91,30.44,52.41,42.92,56.62,Jesse Brown,3,IT/IS,IT Support,112
1409,48.94,30.6,51.9,43.81,55.31,Angela Lin,5,Production,Production Technician I,143
1410,31.32,50.63,47.95,43.3,56.01,Lisa Hunter,5,Production,Production Technician I,146
1411,34.15,59.34,51.91,48.47,62.0,Julian Conner,5,Production,Production Technician II,140
1412,39.93,45.96,49.38,45.09,51.99,Joanna Pacheco,5,Production,Production Technician II,140
1413,36.74,50.73,46.96,44.81,51.35,Erica Alvarez,5,Production,Production Technician I,146
1414,31.49,48.08,41.06,40.21,46.28,Antonio Garcia,1,Admin Office,Administrative Assistant,108
1415,38.16,39.93,37.12,38.4,37.19,Gwendolyn Klein,5,Production,Production Technician I,143
1416,49.32,49.22,49.95,49.5,50.04,Carrie Wright,6,Sales,Area Sales Manager,147
1417,47.41,34.19,39.72,40.44,38.31,Jeffrey Mills,3,IT/IS,IT Support,112
1418,46.59,42.35,40.8,43.25,39.71,Jake Campbell,5,Production,Production Technician I,140
1419,45.92,37.34,43.56,42.27,42.86,George Harper,5,Production,Production Technician I,140
1420,53.37,41.09,46.23,46.9,44.73,Maria Jones,4,Software Engineering,Software Engineer,132
1421,29.29,32.49,28.64,30.14,29.0,Michael Mitchell,5,Production,Production Technician I,143
1422,47.46,34.31,43.83,41.87,43.25,Mary Escobar,3,IT/IS,Sr. Network Engineer,124
1423,41.21,36.27,35.96,37.81,34.9,Felicia Aguilar,5,Production,Production Technician II,143
1424,38.74,36.89,45.78,40.47,47.28,Gregory Ponce,5,Production,Production Technician I,146
1425,38.33,36.61,42.75,39.23,43.53,Jenna Larson,4,Software Engineering,Software Engineer,117
1426,57.66,48.72,38.14,48.17,36.18,Emily Bennett,1,Admin Office,Shared Services Manager,130
1427,35.06,45.6,36.99,39.22,39.11,Robin Santiago,6,Sales,Area Sales Manager,147
1428,49.91,59.84,39.86,49.87,40.98,Nancy Jennings,5,Production,Production Technician I,140
1429,45.78,39.07,42.38,42.41,41.47,Maria Henderson,5,Production,Production Technician I,140
1430,47.59,34.77,38.81,40.39,37.2,Jack White,5,Production,Production Technician I,140
1431,39.82,49.13,45.75,44.9,48.14,Travis Tucker,5,Production,Production Technician II,146
1432,53.43,34.0,59.55,48.99,64.47,Chad Jones,5,Production,Production Technician II,146
1433,31.16,53.95,36.99,40.7,43.5,Ashley Wise,3,IT/IS,BI Director,131
1434,48.32,39.22,33.22,40.25,31.36,Sophia Johnson,5,Production,Production Technician I,143
1435,53.42,49.54,41.56,48.17,40.14,Ralph Anderson,5,Production,Production Manager,140
1436,34.31,49.45,39.91,41.22,43.77,Christopher Guerra,5,Production,Production Technician I,140
1437,37.55,35.65,38.59,37.26,38.62,Rhonda Martin,1,Admin Office,Sr. Accountant,113
1438,32.9,37.06,40.98,36.98,43.11,Jason Rhodes,5,Production,Production Technician II,140
1439,42.94,36.12,36.9,38.65,35.65,Jeremy Mitchell,6,Sales,Sales Manager,106
1440,39.96,40.99,38.7,39.88,38.65,Joann Ferguson,5,Production,Production Technician I,140
1441,37.94,46.23,49.31,44.49,52.78,Robert Harrison,5,Production,Production Technician II,143
1442,43.74,40.64,39.8,41.39,39.0,Holly Valentine,5,Production,Production Manager,146
1443,41.68,35.5,50.39,42.52,52.81,Diane Reyes,5,Production,Production Technician I,140
1444,39.56,45.84,44.61,43.34,46.29,Tracy Montoya,1,Admin Office,Jr. Accountant,108
1445,36.74,31.78,40.95,36.49,41.81,Brenda Wright,6,Sales,Area Sales Manager,147
1446,41.6,34.79,33.92,36.77,32.53,Shelly Spencer,5,Production,Production Technician I,140
1447,41.54,43.49,53.24,46.09,56.15,Ryan Rosales,5,Production,Production Technician I,140
1448,34.18,47.86,52.01,44.68,58.68,Phillip Nelson,6,Sales,Area Sales Manager,106
1449,26.41,36.18,36.5,33.03,40.3,Brittany Kim,5,Production,Production Technician I,140
1450,52.87,56.36,41.16,50.13,40.92,Courtney Hayes,5,Production,Production Technician II,140
1451,49.33,42.7,30.56,40.86,29.17,Alexander Brown,6,Sales,Area Sales Manager,149
1452,51.24,44.45,44.6,46.76,43.23,Cynthia Vang,3,IT/IS,Data Analyst,112
1453,38.04,36.98,40.54,38.52,40.9,Alfred Galvan,5,Production,Production Technician I,143
1454,37.9,43.05,39.85,40.27,40.83,Marie Moody,3,IT/IS,Data Analyst,112
1455,23.7,52.71,46.18,40.86,62.37,Dustin Gallegos,5,Production,Production Technician I,146
1456,46.13,42.64,45.56,44.78,45.21,Brenda Thornton,5,Production,Production Technician I,146
1457,44.88,36.32,39.2,40.13,37.95,Aaron Miller,5,Production,Production Technician I,143
1458,54.64,33.1,45.34,44.36,44.66,Ruben Dunn,5,Production,Production Technician I,140
1459,54.67,49.19,31.88,45.25,30.85,Kelsey Rodriguez,5,Production,Production Technician I,146
1460,57.55,35.55,38.61,43.9,36.19,Eric Williams,4,Software Engineering,Software Engineering Manager,117
1461,64.17,51.92,52.56,56.22,50.37,Riley Bryant,6,Sales,Area Sales Manager,147
1462,39.41,25.3,43.94,36.22,47.45,Taylor Carlson,5,Production,Production Technician I,146
1463,49.8,54.51,33.65,45.99,33.96,Jose Allen,5,Production,Production Technician I,146
1464,28.09,42.76,39.05,36.63,44.28,Jeffrey Mendez,5,Production,Production Technician II,146
1465,49.37,56.13,34.33,46.61,34.99,Jason Beck,3,IT/IS,BI Developer,124
1466,34.72,33.07,39.67,35.82,40.63,William Jones,5,Production,Production Manager,140
1467,40.47,44.43,36.66,40.52,36.83,Katie Mcneil,5,Production,Production Technician I,140
1468,23.91,43.14,37.18,34.74,45.12,Jeanette Harrison,5,Production,Production Technician I,146
1469,45.13,47.56,36.76,43.15,36.45,Veronica King,3,IT/IS,Data Analyst,112
1470,32.68,42.16,37.84,37.56,40.24,Richard Cooper,5,Production,Production Technician I,143
1471,49.99,36.16,38.49,41.55,36.55,Lori Ingram,3,IT/IS,Data Analyst,112
1472,53.01,52.32,44.78,50.04,43.9,Evelyn Williams,6,Sales,Area Sales Manager,106
1473,42.95,36.34,55.61,44.97,59.74,Robin Thompson,5,Production,Production Technician II,140
1474,47.29,32.03,44.83,41.38,45.0,Julie Dominguez,6,Sales,Sales Manager,106
1475,37.96,35.96,42.47,38.8,43.28,Robin Brown,4,Software Engineering,Software Engineer,117
1476,49.83,50.01,45.03,48.29,44.5,Judith Carter,3,IT/IS,Data Analyst,112
1477,37.95,42.17,42.4,40.84,43.66,Curtis Williams,5,Production,Production Technician II,146
1478,39.47,40.43,42.43,40.78,43.03,Kaylee Hays,3,IT/IS,Database Administrator,112
1479,55.2,32.86,42.27,43.44,40.87,Dawn Mullins,5,Production,Production Technician I,140
1480,36.9,38.39,46.22,40.5,48.46,Howard Norman,5,Production,Production Technician I,146
1481,63.28,31.86,58.41,51.18,63.13,Evelyn Martinez,5,Production,Production Technician I,143
1482,36.25,50.91,31.56,39.57,34.23,Steve Paul,5,Production,Production Manager,140
1483,33.91,37.76,54.34,42.0,61.15,Jasmine Beltran,5,Production,Production Technician I,146
1484,44.93,28.2,49.75,40.96,53.94,Jonathan Glass,5,Production,Production Technician I,140
1485,25.84,44.17,40.47,36.83,48.24,Monica Miller,5,Production,Production Technician I,146
1486,37.47,36.47,37.71,37.22,37.66,Samantha Gardner,5,Production,Production Technician I,146
1487,55.83,40.93,36.23,44.33,33.82,Bobby Guerrero,5,Production,Production Technician I,143
1488,44.58,46.48,39.06,43.37,38.75,Lance Simmons,5,Production,Production Technician II,140
1489,40.05,52.37,28.82,40.41,30.86,Heather Williams,5,Production,Production Technician II,143
1490,54.66,39.68,44.93,46.42,43.15,Heather Bolton,5,Production,Production Technician I,146
1491,35.77,33.31,37.07,35.38,37.14,William Gould,5,Production,Production Technician II,143
1492,45.62,39.19,51.61,45.47,52.95,Mark Cox,5,Production,Production Technician I,143
1493,56.87,42.45,54.45,51.26,54.05,Meghan Cisneros,5,Production,Production Technician I,146
1494,50.03,51.42,50.76,50.74,51.02,Lawrence Harrington,5,Production,Production Technician II,140
1495,42.76,41.35,45.12,43.08,45.43,Austin Osborne,5,Production,Production Technician I,140
1496,52.11,61.14,38.78,50.68,39.74,James Bradley,5,Production,Production Technician I,143
1497,36.97,28.12,59.89,41.66,73.09,Meghan Rush,5,Production,Production Technician I,140
1498,53.35,35.15,45.3,44.6,44.26,Phillip Berry,5,Production,Production Technician I,143
1499,43.5,51.83,43.87,46.4,45.21,Jennifer Banks,5,Production,Production Technician I,140
1500,29.06,34.73,28.71,30.83,29.56,Brian Fitzgerald,5,Production,Production Technician II,143
1501,31.12,48.38,58.61,46.04,70.55,Justin Green,5,Production,Production Technician I,146
1502,29.31,35.4,46.58,37.1,52.27,Zachary Mitchell,5,Production,Production Technician I,146
1503,36.0,38.8,50.92,41.91,55.17,Katherine Martinez,5,Production,Production Technician II,146
1504,57.44,35.02,55.52,49.33,57.45,Jodi Roach,1,Admin Office,Shared Services Manager,130
1505,43.22,34.14,45.19,40.85,45.68,Brandon Fleming,5,Production,Production Manager,146
1506,34.58,44.04,36.84,38.49,38.75,Emma Reed,5,Production,Production Technician I,140
1507,39.13,48.15,36.18,41.15,37.44,Joshua Vance,3,IT/IS,Principal Data Architect,124
1508,48.04,40.73,40.1,42.96,38.61,Michelle Ho,6,Sales,Sales Manager,149
1509,50.29,37.08,31.76,39.71,29.63,Rebecca Hicks,3,IT/IS,IT Manager - DB,131
1510,41.36,48.73,54.88,48.32,58.76,Curtis Taylor,5,Production,Production Manager,140
1511,54.01,45.76,39.78,46.52,37.86,Allison Spencer,5,Production,Production Technician I,143
1512,26.3,32.45,39.9,32.88,44.27,Robert Arnold,3,IT/IS,IT Support,112
1513,53.59,38.33,51.72,47.88,51.74,Angelica Parker,6,Sales,Sales Manager,106
1514,22.82,47.74,47.8,39.45,63.59,Kelly Hammond,5,Production,Production Technician II,146
1515,45.01,46.68,55.59,49.09,58.08,William Day,4,Software Engineering,Software Engineer,103
1516,51.86,41.99,38.98,44.28,37.0,Michael Cooper,5,Production,Production Technician I,146
1517,32.75,52.13,29.73,38.2,33.96,Penny Bowman,5,Production,Production Technician I,140
1518,52.15,53.72,62.96,56.28,65.41,Vincent Reynolds,5,Production,Production Technician II,146
1519,58.79,33.15,45.39,45.78,44.44,Amy Martinez,5,Production,Production Technician II,146
1520,42.59,50.08,28.47,40.38,29.5,Christopher Morris,6,Sales,Area Sales Manager,147
1521,32.06,50.31,35.84,39.4,40.44,Hannah Everett,5,Production,Production Technician I,146
1522,58.27,35.1,43.39,45.59,41.6,Sarah King,5,Production,Production Technician I,146
1523,50.86,33.33,54.78,46.32,57.97,Krista Martinez,5,Production,Production Technician I,140
1524,38.24,31.7,36.81,35.58,36.31,Joseph Shaw,5,Production,Production Technician I,146
1525,50.76,36.19,44.43,43.79,43.32,Todd Moore,6,Sales,Area Sales Manager,106
1526,53.66,42.36,49.12,48.38,48.02,Michelle Jacobs,5,Production,Production Technician I,143
1527,46.53,34.76,39.33,40.21,37.92,Kristy Bryan,5,Production,Production Technician I,140
1528,50.17,36.82,35.29,40.76,33.13,Angel May,3,IT/IS,Data Analyst,112
1529,20.7,46.26,38.6,35.19,52.02,Marilyn Wang,5,Production,Production Technician II,146
1530,58.94,32.23,23.42,38.2,21.9,Mark Jimenez,5,Production,Production Technician II,143
1531,25.96,45.8,57.4,43.05,73.54,Donna Frye,5,Production,Production Technician I,146
1532,38.09,36.68,34.07,36.28,33.44,Anthony Gonzales,5,Production,Production Technician I,140
1533,50.88,35.89,49.2,45.32,49.35,Lawrence Edwards,5,Production,Production Technician II,143
1534,32.16,40.87,48.52,40.52,53.9,Morgan Valencia,5,Production,Production Technician I,140
1535,42.34,43.81,40.22,42.12,40.13,Bianca Wood,6,Sales,Area Sales Manager,149
1536,38.3,47.81,44.44,43.52,46.93,Emma Owens,5,Production,Production Technician I,140
1537,38.29,43.67,34.48,38.81,34.94,James Gilbert,5,Production,Production Technician II,143
1538,36.81,39.98,44.38,40.39,46.23,Sean Moore,5,Production,Production Technician II,140
1539,39.65,37.95,39.29,38.96,39.09,Kenneth Edwards,3,IT/IS,Database Administrator,112
1540,51.95,36.91,54.18,47.68,55.61,Kathleen Robertson,5,Production,Production Technician I,143
1541,54.77,46.67,41.7,47.71,39.79,Alexander Landry,6,Sales,Area Sales Manager,147
1542,66.41,44.89,51.0,54.1,48.58,Cindy Gomez,5,Production,Production Technician I,146
1543,33.06,40.56,51.53,41.72,57.56,Johnny Khan,5,Production,Production Technician I,140
1544,38.66,37.88,30.42,35.65,29.68,Julie Herrera,5,Production,Production Technician I,140
1545,42.67,35.82,53.44,43.98,56.8,Jessica Khan,6,Sales,Area Sales Manager,149
1546,54.58,30.52,48.31,44.47,49.56,Pamela Diaz,6,Sales,Area Sales Manager,147
1547,49.76,38.2,40.97,42.98,39.28,Kelly Lee,5,Production,Production Technician I,146
1548,40.25,48.48,34.2,40.98,35.16,Angel Gordon,6,Sales,Area Sales Manager,106
1549,43.2,37.15,45.55,41.97,45.85,Diana Hays,5,Production,Production Technician I,143
1550,29.98,43.6,31.74,35.11,34.78,Barbara Hester,5,Production,Production Technician II,146
1551,40.44,44.73,44.76,43.31,46.0,Robert Morgan,3,IT/IS,Network Engineer,131
1552,37.35,56.94,41.6,45.3,46.42,Nicole Gonzalez,5,Production,Production Technician I,143
1553,59.41,45.13,39.87,48.14,37.37,Kathryn Williams,5,Production,Production Technician II,140
1554,58.57,41.09,61.76,53.81,63.8,Gary Wells,5,Production,Production Technician I,146
1555,52.26,53.7,45.87,50.61,45.39,Larry Robertson,5,Production,Production Technician I,143
1556,66.22,57.65,27.77,50.55,28.31,Louis Martin,5,Production,Production Technician I,146
1557,33.44,45.9,38.91,39.42,42.06,Nancy Evans,5,Production,Production Technician II,143
1558,65.81,44.69,34.99,48.5,32.45,Kim Erickson,5,Production,Production Technician I,146
1559,44.67,36.02,45.84,42.18,46.01,Robert Richardson,5,Production,Production Technician I,146
1560,47.3,28.37,43.81,39.83,44.82,Veronica Silva,2,Executive Office,President & CEO,104
1561,37.3,28.77,31.2,32.42,29.99,Molly Watts,5,Production,Production Technician I,143
1562,35.98,41.6,39.52,39.03,40.84,John Coffey,5,Production,Production Technician I,140
1563,50.64,33.76,33.33,39.24,31.07,Paula Lane,5,Production,Production Technician I,140
1564,51.0,50.85,38.74,46.86,37.91,Lauren Jackson,5,Production,Production Technician II,143
1565,21.92,44.27,46.2,37.46,60.77,Lisa Randall,5,Production,Production Technician II,143
1566,26.03,42.29,53.16,40.49,65.76,Michael Johnson,5,Production,Production Technician I,146
1567,35.94,41.85,35.2,37.66,36.01,Ashley Smith,5,Production,Production Technician I,143
1568,35.35,34.62,40.42,36.8,41.41,Christian Vaughn,5,Production,Production Technician I,143
1569,51.49,37.83,39.74,43.02,37.74,Reginald Knapp,5,Production,Production Technician I,143
1570,65.89,38.61,41.6,48.7,38.83,Nancy Brown,5,Production,Production Technician I,146
1571,62.65,40.86,50.58,51.36,48.87,Daniel Nguyen,5,Production,Production Technician I,143
1572,58.47,40.85,50.74,50.02,49.47,Kelly Edwards,3,IT/IS,Data Analyst,131
1573,26.69,42.52,40.25,36.49,46.73,Thomas Peterson,5,Production,Production Technician I,143
1574,61.68,47.62,41.43,50.24,38.88,Raymond Le,5,Production,Production Technician I,146
1575,43.21,46.89,53.43,47.84,55.95,Melissa Bishop,5,Production,Production Technician I,143
1576,41.04,34.71,38.15,37.97,37.36,David Grant,5,Production,Production Technician I,140
1577,36.65,36.09,49.73,40.82,53.37,William Evans,5,Production,Production Technician I,140
1578,53.49,44.01,49.73,49.08,48.71,Daniel Bush,5,Production,Production Technician II,140
1579,36.55,42.03,32.84,37.14,33.34,Gregory Peck,5,Production,Production Technician I,140
1580,43.19,47.1,48.89,46.39,50.34,Denise Martinez,3,IT/IS,BI Developer,124
1581,41.07,47.72,43.75,44.18,45.08,Jamie Baird,5,Production,Production Technician I,140
1582,43.29,41.69,38.29,41.09,37.54,Tina Ballard,5,Production,Production Manager,146
1583,48.11,47.99,40.35,45.48,39.61,Dwayne Klein,5,Production,Production Technician I,146
1584,32.07,39.81,43.22,38.37,46.71,Jeremy Scott,5,Production,Production Technician I,146
1585,20.76,40.26,44.59,35.2,58.11,Dale Ryan,5,Production,Production Technician I,146
1586,41.13,46.66,41.64,43.14,42.48,Melissa Taylor,5,Production,Production Technician I,140
1587,55.87,32.18,46.94,45.0,46.93,Laurie Sanchez,5,Production,Production Technician I,143
1588,30.61,40.87,43.4,38.29,47.9,Kiara Little,5,Production,Production Technician II,143
1589,33.95,32.15,34.12,33.41,34.01,Jason Love,4,Software Engineering,Software Engineer,117
1590,36.36,54.69,34.16,41.74,37.97,Randy Smith,5,Production,Production Manager,146
1591,46.79,42.21,44.16,44.39,43.43,Tanya Russell,6,Sales,Area Sales Manager,149
1592,45.5,39.93,45.33,43.59,45.01,Sherry Woods,6,Sales,Area Sales Manager,147
1593,45.17,35.85,46.05,42.36,46.2,Victor Morris,5,Production,Production Technician I,143
1594,51.85,42.63,37.14,43.87,35.17,Susan Davis,5,Production,Production Technician I,146
1595,45.94,30.67,36.54,37.72,35.09,Kimberly Sharp,5,Production,Production Technician I,140
1596,53.57,43.09,48.46,48.37,47.23,Susan Thompson,5,Production,Production Technician I,143
1597,37.97,51.61,43.22,44.27,46.51,Casey Gillespie,5,Production,Production Technician II,143
1598,46.82,35.64,51.83,44.76,53.62,Jennifer Simpson,6,Sales,Area Sales Manager,149
1599,30.21,42.11,50.09,40.8,57.53,Tammy Mcdowell,3,IT/IS,IT Manager - DB,124
1600,23.2,46.36,34.32,34.63,43.28,Keith Rodriguez,6,Sales,Area Sales Manager,149
1601,31.51,43.76,41.25,38.84,45.31,Virginia Daniels,5,Production,Production Technician II,143
1602,42.27,26.77,41.32,36.79,42.52,Todd Rosales,6,Sales,Sales Manager,106
1603,58.69,40.76,30.47,43.31,28.37,Brian Martin,5,Production,Production Technician I,143
1604,31.51,42.54,34.41,36.15,36.85,David Lopez,5,Production,Production Technician I,146
1605,38.81,56.52,37.36,44.23,40.96,Rachel Bradley,5,Production,Production Technician I,146
1606,41.63,32.1,52.22,41.98,56.42,Casey Chase,5,Production,Production Technician I,146
1607,45.47,60.08,51.69,52.41,55.19,Samantha Robertson,3,IT/IS,IT Support,112
1608,62.64,40.47,42.59,48.57,39.89,Michael Lopez,6,Sales,Area Sales Manager,106
1609,46.78,34.36,50.9,44.01,52.68,Franklin Wright,5,Production,Production Technician I,140
1610,46.39,49.17,62.28,52.61,66.5,David Molina,5,Production,Production Technician II,143
1611,50.74,40.74,47.63,46.37,46.79,Elizabeth Sharp,5,Production,Production Technician I,140
1612,39.97,53.57,42.25,45.26,45.06,Matthew Schwartz,6,Sales,Area Sales Manager,149
1613,29.39,39.97,37.65,35.67,41.03,Bryan Parker,5,Production,Production Technician I,140
1614,37.77,44.77,37.83,40.12,38.92,Jonathan Jacobson,5,Production,Production Technician II,146
1615,42.66,35.52,34.2,37.46,32.73,Emily Wilson,6,Sales,Sales Manager,149
1616,48.79,44.51,44.75,46.02,43.84,Elizabeth Mendez,3,IT/IS,BI Developer,124
1617,50.24,42.33,45.95,46.17,44.86,Casey Hernandez,3,IT/IS,IT Manager - DB,131
1618,55.12,46.62,48.99,50.24,47.59,Lisa Perry,5,Production,Production Technician I,140
1619,31.28,34.68,35.78,33.91,36.98,Kaitlin Medina,5,Production,Production Manager,140
1620,54.99,44.61,42.05,47.22,39.98,Colleen Wright,3,IT/IS,Network Engineer,124
1621,33.75,32.97,55.61,40.78,64.08,Shelley Miller,3,IT/IS,Sr. Network Engineer,112
1622,46.45,39.09,55.28,46.94,57.73,Michael Miller,3,IT/IS,Data Analyst,112
1623,45.46,33.41,38.33,39.07,36.97,Amy Kelley,6,Sales,Area Sales Manager,147
1624,54.94,47.08,46.3,49.44,44.66,Laura Hernandez,5,Production,Production Technician I,140
1625,49.12,37.44,26.84,37.8,25.23,Joseph Wilson,5,Production,Production Technician I,143
1626,34.58,39.73,50.17,41.49,54.8,Kevin Davis,6,Sales,Area Sales Manager,106
1627,54.8,48.45,46.32,49.86,44.79,Rhonda Chavez,5,Production,Production Technician I,146
1628,48.75,41.44,53.72,47.97,54.75,Joyce Brown,5,Production,Production Technician I,143
1629,36.24,42.91,34.74,37.96,35.63,Robert Cummings,5,Production,Production Technician I,146
1630,26.18,40.21,29.12,31.84,32.59,Robert Reese,5,Production,Production Technician II,146
1631,36.16,53.58,57.59,49.11,66.26,Amber Cooper,5,Production,Production Technician I,140
1632,28.55,45.86,50.31,41.57,60.07,Zachary Michael,5,Production,Production Technician I,143
1633,54.81,47.21,41.37,47.8,39.5,Timothy Johnson,5,Production,Production Technician I,143
1634,48.12,34.06,39.19,40.46,37.63,Randy Cannon,6,Sales,Area Sales Manager,106
1635,45.97,40.98,53.49,46.81,55.17,Maria Fisher,5,Production,Production Technician II,140
1636,44.18,41.74,43.31,43.08,42.97,Janet Kane,5,Production,Production Technician I,140
1637,44.13,26.53,41.02,37.23,42.0,Michael Stanley,5,Production,Production Technician I,140
1638,45.35,46.63,30.07,40.68,29.81,Martha Bailey,5,Production,Production Technician II,140
1639,53.99,40.05,36.58,43.54,34.25,Joshua Rice,5,Production,Production Technician I,143
1640,39.67,37.63,45.89,41.06,47.14,Courtney Smith,5,Production,Production Technician I,143
1641,52.29,51.61,52.14,52.01,52.05,Edwin Nunez,5,Production,Production Technician II,140
1642,65.55,43.4,28.8,45.92,27.14,Kim Morrow,5,Production,Production Technician I,146
1643,55.36,33.38,43.71,44.15,42.5,Gregory Hill,5,Production,Production Technician I,146
1644,39.79,45.74,38.75,41.43,39.51,Molly Rodriguez,5,Production,Production Manager,143
1645,25.73,37.89,56.31,39.98,70.31,Jennifer Miranda,5,Production,Production Technician I,146
1646,35.81,36.78,33.9,35.5,33.77,Alexis Harris,5,Production,Production Technician II,146
1647,40.6,49.16,42.46,44.07,44.05,Andrew Harper,1,Admin Office,Sr. Accountant,113
1648,42.88,40.09,41.78,41.58,41.38,Amber Yang,5,Production,Production Technician I,146
1649,52.14,40.35,43.13,45.21,41.38,David Robinson,5,Production,Production Technician I,143
1650,51.44,39.28,42.27,44.33,40.52,Amy Gordon,6,Sales,Area Sales Manager,149
1651,31.52,39.86,45.62,39.0,50.17,Robert Dennis,1,Admin Office,Administrative Assistant,108
1652,31.33,39.49,47.76,39.53,53.15,Kyle Chambers,5,Production,Production Technician I,146
1653,52.84,46.79,45.26,48.3,43.84,Eric Thomas,3,IT/IS,BI Developer,124
1654,36.08,41.66,41.34,39.69,42.97,Connie Turner,5,Production,Production Technician I,140
1655,47.46,34.54,31.79,37.93,29.72,Travis Hobbs,5,Production,Production Technician I,143
1656,40.22,37.28,43.7,40.4,44.23,Lori Simmons,5,Production,Production Technician I,140
1657,41.04,37.23,36.01,38.09,35.05,William David,5,Production,Production Technician I,140
1658,57.95,45.23,46.01,49.73,43.87,Emma Butler,3,IT/IS,Data Architect,124
1659,30.82,45.04,37.69,37.85,41.67,James Webster,5,Production,Production Technician I,140
1660,48.1,38.8,35.14,40.68,33.26,Samuel Turner,5,Production,Production Technician II,143
1661,49.16,50.32,43.47,47.65,43.01,Renee Melendez,5,Production,Production Technician II,146
1662,42.89,55.5,46.57,48.32,49.26,Tracy Grant,5,Production,Production Technician I,146
1663,32.39,45.97,41.04,39.8,45.15,David Harris,5,Production,Production Technician I,146
1664,49.09,54.11,33.85,45.68,34.17,Tammy Boone,6,Sales,Area Sales Manager,106
1665,21.34,44.0,50.78,38.71,68.77,Nathaniel Lee,5,Production,Production Technician II,143
1666,34.51,42.36,35.09,37.32,36.44,Michael Morrison,5,Production,Production Technician I,140
1667,43.99,48.28,42.68,44.98,43.09,Chelsea Gill,6,Sales,Area Sales Manager,149
1668,63.58,32.21,44.53,46.77,43.47,Kristin Mendoza,5,Production,Production Technician I,143
1669,42.21,55.67,38.72,45.53,40.96,Felicia Krueger,5,Production,Production Technician I,146
1670,51.13,34.55,46.51,44.06,46.13,Timothy Hayden,5,Production,Production Technician II,143
1671,30.18,44.13,36.28,36.86,40.06,Zachary Mendoza,6,Sales,Area Sales Manager,106
1672,37.19,49.9,49.66,45.58,54.29,Larry Harris,3,IT/IS,Sr. Network Engineer,124
1673,48.24,33.76,34.33,38.78,32.26,Kristen Rowe,5,Production,Production Technician I,143
1674,49.21,50.08,45.23,48.17,44.86,Joseph Howard,5,Production,Production Technician I,143
1675,61.44,51.59,34.2,49.08,32.71,Jose Crawford,6,Sales,Area Sales Manager,106
1676,38.76,42.16,42.52,41.15,43.54,William Harrison,3,IT/IS,Data Analyst,112
1677,35.68,40.95,40.25,38.96,41.7,Suzanne Wood,5,Production,Production Manager,146
1678,55.39,52.01,37.15,48.18,35.95,Justin Walker,1,Admin Office,Jr. Accountant,113
1679,29.46,53.53,38.63,40.54,46.49,Dean Donovan,5,Production,Production Technician I,143
1680,43.06,39.1,46.9,43.02,47.5,Jennifer Hernandez,3,IT/IS,Database Administrator,131
1681,54.29,34.34,40.63,43.09,38.75,James Whitaker,5,Production,Production Technician II,140
1682,64.86,54.1,39.85,52.94,37.79,Michael Scott,5,Production,Production Technician II,140
1683,36.64,41.91,36.77,38.44,37.54,Maria Henry,5,Production,Production Technician II,146
1684,53.26,43.59,44.02,46.96,42.26,Robert Jackson,5,Production,Production Manager,140
1685,23.4,37.21,42.38,34.33,50.78,Katherine Stark,5,Production,Production Technician I,140
1686,36.61,37.3,47.78,40.56,50.63,Maria Brown,5,Production,Production Technician I,140
1687,43.27,44.82,31.62,39.9,31.24,Ryan Landry,5,Production,Production Technician II,140
1688,45.31,41.64,37.49,41.48,36.32,Pamela Gutierrez,5,Production,Production Technician II,143
1689,52.1,39.28,49.7,47.03,49.23,Crystal Mann,5,Production,Production Technician II,146
1690,46.86,34.69,46.34,42.63,46.46,Jonathan Brooks,5,Production,Production Technician I,146
1691,54.7,44.49,47.37,48.85,45.79,Mary Jensen,5,Production,Production Technician I,143
1692,55.49,41.63,25.71,40.94,24.59,Aaron Arnold,5,Production,Production Technician I,146
1693,56.81,43.84,36.66,45.77,34.36,Joseph Hill,6,Sales,Area Sales Manager,147
1694,35.89,38.3,32.35,35.51,32.3,Alicia Li,3,IT/IS,Principal Data Architect,124
1695,51.12,27.13,42.43,40.23,43.18,Renee Browning,3,IT/IS,BI Director,131
1696,26.27,40.23,49.48,38.66,59.42,Brent Hernandez,3,IT/IS,IT Manager - DB,124
1697,40.5,28.23,45.66,38.13,48.43,Joseph Ochoa,3,IT/IS,IT Support,131
1698,38.94,42.51,41.3,40.92,42.1,James Watson,3,IT/IS,Data Analyst,112
1699,49.96,43.97,35.53,43.15,33.94,Karl Branch,5,Production,Production Technician I,146
1700,24.31,35.64,39.81,33.25,45.97,Michael Abbott,5,Production,Production Technician I,146
1701,34.84,41.07,35.84,37.25,36.91,Shannon Malone,1,Admin Office,Sr. Accountant,113
1702,48.07,42.35,40.21,43.54,38.82,James Tran,5,Production,Production Technician I,146
1703,34.53,26.41,48.0,36.31,54.28,Adam Jackson,5,Production,Production Technician I,140
1704,55.39,36.64,55.07,49.03,56.43,Richard Knight,5,Production,Production Technician II,146
1705,37.78,43.78,44.4,41.99,46.37,Joseph Williams,3,IT/IS,Senior BI Developer,112
1706,31.71,40.58,26.79,33.03,28.1,Sean Clay,3,IT/IS,Senior BI Developer,112
1707,44.06,54.21,35.31,44.53,36.61,Anthony Jones,3,IT/IS,Sr. Network Engineer,124
1708,38.7,45.2,41.99,41.96,43.41,Stephanie Elliott,6,Sales,Area Sales Manager,147
1709,37.41,51.7,41.75,43.62,45.08,Timothy Edwards,5,Production,Production Technician II,143
1710,45.58,48.94,36.9,43.81,36.75,Laurie Goodwin,3,IT/IS,Sr. Network Engineer,131
1711,39.73,41.22,50.1,43.68,52.61,Jennifer Jones,5,Production,Production Technician I,146
1712,58.61,38.78,47.49,48.29,45.84,David Davenport,5,Production,Production Technician II,140
1713,41.53,40.83,52.59,44.98,55.3,Steven Rivera,5,Production,Production Technician I,143
1714,48.15,34.51,36.97,39.88,35.1,Brenda Hinton,5,Production,Production Technician I,140
1715,44.64,46.44,42.44,44.51,42.38,Kathryn Mccann,5,Production,Production Technician II,143
1716,60.2,58.79,34.89,51.29,34.56,Jeffrey Roberson,5,Production,Production Technician II,146
1717,48.71,43.34,25.04,39.03,24.57,Randy Friedman,5,Production,Production Technician I,143
1718,45.52,50.68,50.64,48.95,52.13,Raymond Johnson,5,Production,Production Technician I,143
1719,35.99,58.12,41.58,45.23,47.48,Willie Henry,5,Production,Production Technician II,146
1720,62.99,30.44,50.64,48.02,52.46,Todd Reynolds,5,Production,Production Technician I,143
1721,36.48,40.16,43.69,40.11,45.5,Mary Miller,5,Production,Production Technician I,140
1722,24.47,56.38,40.21,40.35,54.57,Rebecca Marquez,6,Sales,Area Sales Manager,149
1723,51.81,36.08,47.6,45.16,47.13,Christian Dawson,5,Production,Production Technician II,146
1724,53.94,38.38,38.88,43.73,36.59,Nancy Stewart,5,Production,Production Technician I,143
1725,33.36,35.81,45.16,38.11,48.33,Aaron Parker,5,Production,Production Technician I,146
1726,21.33,31.38,31.75,28.15,36.04,Derrick Anderson,5,Production,Production Technician II,146
1727,50.69,35.4,35.96,40.68,33.78,Jerry Peters,5,Production,Production Technician I,143
1728,59.58,47.45,53.49,53.51,52.07,Alexander Gomez,3,IT/IS,Network Engineer,124
1729,38.17,48.7,46.82,44.56,50.03,Kyle Nguyen,3,IT/IS,Data Analyst,112
1730,59.04,31.32,50.77,47.04,52.34,Edgar Hughes,5,Production,Production Technician I,146
1731,43.99,48.86,51.04,47.96,52.89,Steven Stein,5,Production,Production Technician II,143
1732,46.52,55.33,41.65,47.83,42.66,Laura Jackson,5,Production,Production Technician II,140
1733,55.44,51.06,49.95,52.15,48.85,Charles Turner,3,IT/IS,IT Manager - DB,131
1734,32.09,43.91,40.74,38.91,44.41,Arthur Hamilton,5,Production,Director of Operations,140
1735,51.73,44.3,44.9,46.98,43.48,Linda Gonzalez,3,IT/IS,IT Support,112
1736,55.14,47.69,41.2,48.01,39.33,Eric Rush,5,Production,Production Technician I,146
1737,43.63,37.76,42.98,41.46,42.58,Manuel Brock,3,IT/IS,Sr. Network Engineer,131
1738,37.15,47.39,42.53,42.36,45.06,George Ochoa,3,IT/IS,Enterprise Architect,124
1739,27.6,38.54,44.5,36.88,50.8,Valerie Taylor,5,Production,Production Technician I,146
1740,39.8,54.03,44.74,46.19,48.08,Travis Harris,3,IT/IS,IT Support,112
1741,48.12,46.99,54.4,49.84,55.59,Vincent Novak,5,Production,Production Technician I,146
1742,46.18,38.63,44.69,43.17,44.13,Michael Henry,5,Production,Production Technician I,140
1743,42.87,34.24,31.25,36.12,29.55,Dana Bennett,6,Sales,Sales Manager,106
1744,39.26,46.15,43.67,43.03,45.34,Jenna Wilson,5,Production,Production Technician II,140
1745,44.37,39.5,58.29,47.39,62.49,Leslie Gardner,6,Sales,Area Sales Manager,106
1746,44.27,50.36,45.64,46.76,46.68,Krista Benton,5,Production,Production Technician I,146
1747,24.72,34.84,36.32,31.96,40.76,Michael Gonzales,5,Production,Production Technician II,143
1748,32.94,39.47,50.87,41.09,56.61,Michael Fuentes,5,Production,Director of Operations,140
1749,51.32,56.14,36.62,48.03,36.79,Jennifer Porter,5,Production,Production Technician II,140
1750,36.16,45.15,49.16,43.49,53.26,Dana Hopkins,5,Production,Production Technician I,143
1751,38.5,37.4,57.83,44.58,64.33,Rachel Jones,5,Production,Production Manager,146
1752,54.05,35.26,37.42,42.24,35.12,Karen Morales,5,Production,Production Technician I,143
1753,47.58,52.93,37.77,46.09,37.97,Melissa Stephens,5,Production,Production Technician II,146
1754,38.33,41.67,53.87,44.62,58.26,Heather Woodard,6,Sales,Area Sales Manager,149
1755,25.58,42.84,36.66,35.03,42.98,Margaret Miller,5,Production,Production Technician I,143
1756,37.81,36.83,45.79,40.14,47.58,Mary Kelly,5,Production,Production Technician II,146
1757,47.67,40.33,31.85,39.95,30.22,Amanda Terrell,4,Software Engineering,Software Engineer,103
1758,37.78,38.09,58.55,44.81,65.6,Jennifer Goodwin,5,Production,Production Technician II,146
1759,38.47,38.47,41.32,39.42,41.82,Jorge Stone,3,IT/IS,IT Support,131
1760,33.8,33.38,44.54,37.24,47.37,Laura Griffin,5,Production,Production Technician I,140
1761,50.44,56.21,36.6,47.75,36.94,Raymond Chapman,3,IT/IS,IT Manager - DB,131
1762,54.1,49.46,51.03,51.53,50.22,Haley Johnson,6,Sales,Area Sales Manager,147
1763,47.59,40.71,43.23,43.84,42.16,Jason Nixon,3,IT/IS,Sr. Network Engineer,124
1764,44.62,41.04,33.48,39.71,32.25,Todd Thomas,5,Production,Production Technician I,143
1765,34.51,36.29,40.47,37.09,41.82,Jesse Clark,5,Production,Production Technician I,143
1766,45.82,48.06,42.35,45.41,42.23,Jeffrey Horton,5,Production,Production Technician I,146
1767,40.28,49.59,40.67,43.51,42.25,Eric Patrick,6,Sales,Area Sales Manager,149
1768,39.97,44.69,55.41,46.69,59.74,Samuel Wong,5,Production,Production Manager,146
1769,45.72,30.01,46.12,40.62,47.59,Carly Riggs,5,Production,Production Technician II,140
1770,40.21,47.51,43.05,43.59,44.53,Christopher Moore,5,Production,Production Technician I,143
1771,33.33,48.62,33.97,38.64,37.24,Tina Hall,5,Production,Production Technician II,140
1772,57.32,41.17,35.97,44.82,33.49,Cody Davidson,5,Production,Production Technician I,143
1773,42.35,46.45,36.01,41.6,36.07,Allen Mendez,5,Production,Production Technician II,140
1774,54.66,46.24,26.49,42.46,25.89,Kevin Price,6,Sales,Area Sales Manager,147
1775,44.13,44.45,47.58,45.39,48.22,Christine Goodwin,5,Production,Production Technician II,140
1776,42.09,49.44,39.25,43.59,40.12,Amy Garcia,5,Production,Production Technician II,143
1777,46.09,41.58,43.35,43.67,42.61,Chelsea Nguyen,5,Production,Production Technician I,140
1778,44.94,54.39,33.03,44.12,34.25,Dennis Huffman,3,IT/IS,Data Analyst,112
1779,45.35,41.19,32.94,39.83,31.64,Margaret Harper,5,Production,Production Technician II,143
1780,42.22,44.56,56.9,47.89,60.82,Laurie Bailey,5,Production,Production Technician II,143
1781,51.96,45.74,48.25,48.65,47.28,Lisa Cervantes,6,Sales,Area Sales Manager,149
1782,47.03,46.69,43.03,45.58,42.51,Cesar Wilson,4,Software Engineering,Software Engineer,103
1783,66.46,37.14,42.82,48.81,40.3,Clayton Steele,5,Production,Production Technician I,143
1784,39.45,35.73,31.43,35.54,30.3,Jennifer Taylor,5,Production,Production Technician I,140
1785,53.29,42.49,27.07,40.95,25.88,Cody Reid,6,Sales,Sales Manager,149
1786,41.56,41.05,46.31,42.97,47.19,Maria Cooke,3,IT/IS,IT Support,131
1787,49.9,33.36,46.79,43.35,46.92,Katherine Taylor,5,Production,Production Technician I,143
1788,40.37,50.85,40.25,43.82,42.04,Jerry Brown,3,IT/IS,IT Support,131
1789,49.78,44.31,43.36,45.82,42.11,Adam Taylor,5,Production,Production Technician II,146
1790,40.84,48.28,48.26,45.79,50.59,Tracey Wagner,3,IT/IS,IT Support,131
1791,46.4,48.76,49.26,48.14,49.98,Michael Perry,1,Admin Office,Jr. Accountant,108
1792,57.98,49.2,41.89,49.69,39.83,Bradley Johnson,3,IT/IS,Data Architect,124
1793,43.56,52.41,40.26,45.41,41.4,Donald Medina,5,Production,Production Technician I,140
1794,36.21,44.46,35.8,38.82,37.12,Jim Newton,5,Production,Production Technician I,140
1795,53.4,50.84,40.37,48.2,39.13,Krista Wilson,5,Production,Production Technician I,140
1796,55.35,46.94,45.34,49.21,43.55,Reginald Morrow,5,Production,Production Technician I,143
1797,39.5,28.39,35.19,34.36,34.43,Rodney Williams,5,Production,Production Technician II,140
1798,54.98,43.52,33.25,43.92,31.28,Kimberly Fritz,3,IT/IS,Network Engineer,124
1799,31.53,41.38,43.68,38.86,47.86,Ronald Potter,6,Sales,Area Sales Manager,106
1800,21.36,46.26,35.28,34.3,46.45,Zachary Cole,5,Production,Production Technician II,143
1801,27.84,37.09,43.04,35.99,48.35,Robert Gonzales,5,Production,Production Technician I,140
1802,42.56,49.16,47.35,46.36,49.01,Patricia Young,5,Production,Production Technician I,143
1803,41.72,55.76,65.02,54.17,73.2,Heather Page,5,Production,Production Technician I,143
1804,44.68,37.78,37.19,39.88,35.78,Carol Taylor,5,Production,Production Technician I,143
1805,50.1,50.62,34.21,44.98,33.68,Daniel Brown,5,Production,Production Technician I,140
1806,57.42,35.44,35.8,42.89,33.26,Douglas Ryan,5,Production,Production Technician II,146
1807,49.06,40.28,45.87,45.07,44.98,Michael Roberts,5,Production,Production Technician I,140
1808,34.43,39.07,45.75,39.75,48.85,Scott Duke,1,Admin Office,Sr. Accountant,113
1809,42.18,47.67,36.62,42.16,36.98,Anna Estes,5,Production,Production Technician I,146
1810,41.16,62.03,49.56,50.92,55.28,Tamara Riddle,5,Production,Production Technician I,143
1811,32.92,29.44,49.09,37.15,55.16,Beth Cline,5,Production,Production Technician I,143
1812,52.24,49.58,40.19,47.34,38.95,Michael Poole,5,Production,Production Technician I,140
1813,32.02,48.04,52.66,44.24,61.13,Megan Burns,5,Production,Production Technician II,140
1814,47.5,43.57,51.71,47.59,52.36,Debra Perry,3,IT/IS,Sr. DBA,124
1815,27.43,34.27,32.58,31.43,34.52,Mark Beard,5,Production,Production Technician II,143
1816,56.97,40.55,30.19,42.57,28.16,Jose Ramirez,4,Software Engineering,Software Engineering Manager,117
1817,33.89,47.99,30.03,37.3,32.65,Jackie Clements,5,Production,Production Technician I,146
1818,55.32,32.55,32.41,40.09,30.0,Aaron Schroeder,5,Production,Production Technician I,143
1819,42.38,47.36,34.7,41.48,34.91,Monica Ellis,6,Sales,Area Sales Manager,149
1820,49.94,37.7,40.85,42.83,39.13,Heather Brown,6,Sales,Area Sales Manager,149
1821,47.64,47.8,35.49,43.64,34.78,Claudia Jordan,5,Production,Production Technician I,140
1822,58.9,38.04,40.02,45.65,37.48,Derrick Clayton,5,Production,Production Technician II,140
1823,50.51,50.14,48.9,49.85,48.64,Kenneth Knight,3,IT/IS,BI Developer,124
1824,51.22,53.31,32.86,45.8,32.8,Michael Williams,3,IT/IS,IT Director,131
1825,47.71,41.35,37.36,42.14,35.79,Richard Stevens,6,Sales,Sales Manager,106
1826,58.08,42.97,45.15,48.73,42.91,Scott Alexander,5,Production,Production Technician I,146
1827,43.77,34.84,30.51,36.37,28.76,Tyler Harris,5,Production,Production Technician I,140
1828,30.1,45.56,42.59,39.42,48.32,Bonnie Santos,3,IT/IS,Enterprise Architect,124
1829,66.34,42.09,31.31,46.58,29.08,Timothy Hill,5,Production,Production Technician I,146
1830,44.51,33.72,52.29,43.51,55.3,Danielle Watson,5,Production,Production Technician II,140
1831,35.64,47.52,51.69,44.95,57.29,Carol Sanders,5,Production,Production Technician II,146
1832,40.14,45.0,45.88,43.67,47.48,Michael Young,3,IT/IS,BI Developer,124
1833,31.94,43.26,46.06,40.42,51.12,Michele Smith,5,Production,Production Technician I,140
1834,41.74,37.29,31.48,36.84,30.2,Casey Perez,5,Production,Production Technician II,143
1835,38.43,49.77,28.76,38.99,30.55,Alexandra Dominguez,5,Production,Production Technician I,146
1836,51.73,39.83,38.62,43.39,36.53,Virginia Henderson,5,Production,Production Technician I,143
1837,46.27,43.29,36.99,42.18,35.83,Benjamin Reyes,5,Production,Production Technician I,140
1838,20.73,40.18,31.01,30.64,38.61,Ashley Edwards,5,Production,Production Technician I,146
1839,58.21,37.15,31.19,42.18,28.79,Breanna Ayala,5,Production,Production Technician I,146
1840,33.13,46.63,44.14,41.3,48.76,Brandi Haney,5,Production,Production Technician I,143
1841,41.03,50.82,26.48,39.44,28.14,Joseph Smith,5,Production,Production Technician I,140
1842,64.98,57.96,42.11,55.02,40.36,Jessica Bowen,3,IT/IS,Database Administrator,124
1843,38.27,43.37,42.42,41.35,43.75,Brittany Jenkins,4,Software Engineering,Software Engineer,132
1844,37.07,45.49,54.13,45.56,59.46,Shannon Miller,3,IT/IS,Senior BI Developer,124
1845,45.24,38.49,32.96,38.9,31.36,Paul Lawrence,5,Production,Production Technician II,143
1846,34.33,32.54,60.16,42.34,71.59,Victor Edwards,5,Production,Production Technician I,140
1847,36.07,42.3,44.45,40.94,46.87,Donald Miller,3,IT/IS,Senior BI Developer,112
1848,38.36,51.8,51.23,47.13,56.08,Lindsay Lawson,4,Software Engineering,Software Engineer,117
1849,45.38,38.52,41.64,41.85,40.68,Melissa Abbott,3,IT/IS,IT Support,112
1850,48.61,43.36,35.88,42.62,34.38,Elizabeth Holmes,5,Production,Production Technician I,143
1851,23.41,43.39,42.55,36.45,53.14,Nicole Phillips,5,Production,Production Technician I,140
1852,31.34,37.49,49.14,39.32,54.91,Steven Blevins,5,Production,Production Technician I,143
1853,44.98,32.24,46.73,41.32,47.83,Brian Porter,3,IT/IS,Data Analyst,112
1854,40.23,48.01,28.63,38.96,29.62,Vanessa Hatfield,5,Production,Production Technician II,146
1855,54.24,30.78,55.34,46.79,59.85,Bonnie Valencia,1,Admin Office,Administrative Assistant,113
1856,45.36,45.23,32.45,41.01,31.78,Holly Vega,4,Software Engineering,Software Engineer,117
1857,54.16,37.08,30.96,40.73,28.69,Tiffany Townsend,5,Production,Production Technician I,140
1858,33.65,38.65,34.19,35.5,34.98,Austin Baker,5,Production,Production Technician II,140
1859,31.37,45.04,37.41,37.94,41.06,Antonio Mccormick,5,Production,Production Technician I,146
1860,40.54,29.99,39.07,36.53,38.89,Lori Mason,4,Software Engineering,Software Engineer,132
1861,45.17,52.28,38.53,45.33,39.15,Lisa Ramirez,3,IT/IS,IT Director,131
1862,34.05,42.58,29.51,35.38,30.69,Jorge Harris,1,Admin Office,Sr. Accountant,113
1863,61.48,50.06,38.77,50.1,36.59,Kimberly Myers,3,IT/IS,Data Analyst,131
1864,48.27,43.7,40.93,44.3,39.68,Sandra Becker,5,Production,Production Technician II,143
1865,57.79,46.25,47.68,50.57,45.73,Michael Blair,3,IT/IS,Data Architect,124
1866,43.91,45.29,59.05,49.42,63.09,Amy Miller,5,Production,Production Technician I,143
1867,45.29,43.67,40.57,43.18,39.84,Jesse Lynch,5,Production,Production Manager,140
1868,33.92,58.2,52.09,48.07,62.02,Patrick Yang,5,Production,Production Technician II,143
1869,37.08,40.54,51.25,42.96,55.18,Michael Miles,5,Production,Production Technician I,143
1870,37.69,55.38,42.85,45.31,47.23,Troy Mills,5,Production,Production Technician I,143
1871,49.45,39.81,40.84,43.37,39.18,Michelle Jackson,5,Production,Production Technician I,140
1872,38.38,45.32,52.39,45.36,56.46,Richard Adams,5,Production,Production Manager,140
1873,21.31,36.27,47.92,35.17,61.26,Patricia Johnson,5,Production,Production Technician II,143
1874,31.84,44.7,34.3,36.95,37.15,Denise Brown,4,Software Engineering,Software Engineer,132
1875,50.09,38.2,36.65,41.65,34.58,Laura Jones,6,Sales,Area Sales Manager,106
1876,51.87,45.65,31.06,42.86,29.82,Ian Porter,5,Production,Production Manager,140
1877,36.79,45.35,39.16,40.43,40.86,Holly Scott,5,Production,Production Technician I,140
1878,49.75,58.25,50.13,52.71,51.46,Kenneth Sharp,6,Sales,Area Sales Manager,106
1879,50.85,41.41,39.62,43.96,37.75,Jordan Williams,5,Production,Production Technician I,140
1880,50.99,46.31,59.74,52.35,61.67,Dana Ruiz,5,Production,Production Technician I,143
1881,46.11,46.46,51.74,48.1,52.84,Chris Velazquez,6,Sales,Sales Manager,106
1882,58.25,53.87,57.31,56.48,56.83,Kristen Sloan,5,Production,Production Technician II,143
1883,44.62,48.77,39.21,44.2,39.29,Jennifer Morris,3,IT/IS,Network Engineer,131
1884,39.79,55.84,36.42,44.02,39.41,Nathan Nelson,5,Production,Production Technician I,146
1885,45.76,39.13,38.37,41.09,36.98,Jake Shaw,5,Production,Production Technician I,140
1886,40.4,44.53,41.57,42.17,42.27,Cassie Brock,3,IT/IS,Network Engineer,131
1887,49.86,42.16,35.45,42.49,33.67,Andrea Marshall,5,Production,Production Technician I,143
1888,32.37,39.37,41.3,37.68,44.05,Ryan Murphy,5,Production,Production Technician I,140
1889,24.59,36.29,42.3,34.39,49.42,Aimee Gonzalez,5,Production,Production Technician I,146
1890,26.44,30.13,46.59,34.39,54.11,Elizabeth Dean,5,Production,Production Technician I,143
1891,26.03,53.86,46.4,42.1,60.22,Kevin Snyder,5,Production,Production Technician I,146
1892,49.71,52.38,40.04,47.38,39.69,Christie Mccullough,5,Production,Production Technician I,140
1893,49.15,43.52,45.57,46.08,44.65,Danielle Smith,5,Production,Production Technician II,140
1894,28.92,41.15,34.23,34.77,37.44,David Reed,5,Production,Production Technician I,143
1895,46.61,50.7,43.81,47.04,44.04,Sherry Tapia,3,IT/IS,Sr. Network Engineer,112
1896,53.84,38.14,47.34,46.44,46.24,Matthew Sweeney,5,Production,Production Technician I,146
1897,43.29,42.11,54.49,46.63,57.22,Ashley Moreno,5,Production,Production Technician I,146
1898,46.12,37.94,39.01,41.02,37.58,Johnathan Brown,5,Production,Production Technician I,140
1899,38.8,35.86,46.79,40.48,48.65,Michelle Davis,5,Production,Production Technician I,146
1900,17.84,42.74,46.09,35.56,66.71,Kelly Haynes,5,Production,Production Technician I,146
1901,24.37,43.15,34.47,34.0,41.2,William Miller,5,Production,Production Technician I,146
1902,52.08,32.7,39.55,41.44,37.87,Casey Wilkins,5,Production,Production Technician I,143
1903,44.53,57.19,47.92,49.88,50.56,Keith Graham,5,Production,Production Technician I,143
1904,55.2,39.77,41.91,45.63,39.72,Cynthia Green,5,Production,Production Technician II,140
1905,47.67,40.27,36.53,41.49,34.85,Robert Haynes,4,Software Engineering,Software Engineer,103
1906,49.88,43.48,50.04,47.8,49.76,Emily Nelson,5,Production,Production Technician I,140
1907,45.28,40.91,33.48,39.89,32.14,Dale Chan,5,Production,Production Technician I,140
1908,34.55,40.36,38.31,37.74,39.71,Brittney Martin,5,Production,Production Technician I,143
1909,49.05,34.34,32.23,38.54,30.05,Jason Herrera,3,IT/IS,IT Support,131
1910,41.04,31.22,43.53,38.6,44.41,Christine Parker,5,Production,Production Technician II,143
1911,33.72,39.04,41.16,37.97,43.26,Bryan Moore,5,Production,Production Technician I,140
1912,54.87,49.89,33.61,46.12,32.46,Samantha Terry,5,Production,Production Technician I,143
1913,41.45,39.62,46.21,42.43,47.05,Russell Murphy,5,Production,Production Technician II,143
1914,40.36,38.8,38.91,39.36,38.56,David Kelly,4,Software Engineering,Software Engineer,132
1915,30.71,44.24,54.69,43.21,64.2,Megan Green,3,IT/IS,IT Support,131
1916,30.1,41.82,50.54,40.82,58.2,Amanda Sullivan,5,Production,Production Technician I,140
1917,36.03,41.85,44.35,40.74,46.7,Danielle Murray,1,Admin Office,Administrative Assistant,130
1918,29.87,30.86,32.41,31.05,32.95,Brenda Smith,5,Production,Production Technician I,140
1919,42.96,40.34,37.97,40.42,37.11,Vickie Anderson,5,Production,Production Technician II,140
1920,42.48,33.58,37.35,37.8,36.21,Jacqueline Mccoy,3,IT/IS,IT Support,112
1921,51.07,42.93,44.42,46.14,43.0,Lauren Green,5,Production,Production Technician I,140
1922,45.72,45.81,41.71,44.41,41.24,Alison Brown,5,Production,Production Technician I,146
1923,51.77,45.99,38.2,45.32,36.58,Jill Anderson,3,IT/IS,BI Developer,124
1924,50.62,36.52,32.74,39.96,30.53,Sandra Rivera,3,IT/IS,Sr. Network Engineer,124
1925,37.42,26.16,31.24,31.61,30.18,Joel Jackson,1,Admin Office,Jr. Accountant,108
1926,41.0,36.45,39.59,39.01,39.07,Samantha Foster,5,Production,Production Technician I,146
1927,50.21,44.64,40.17,45.01,38.65,Michael Thompson,5,Production,Production Technician I,143
1928,47.41,38.58,50.03,45.34,50.56,Cody Ramirez,5,Production,Production Technician II,146
1929,24.61,41.98,53.74,40.11,68.2,Amanda Harvey,5,Production,Production Technician I,140
1930,32.61,41.09,43.72,39.14,47.3,Edward Jenkins,5,Production,Production Technician I,143
1931,41.64,53.54,51.02,48.73,54.6,Amy Ramirez,5,Production,Production Technician II,143
1932,44.94,42.91,30.91,39.59,30.0,Curtis Wilkerson,5,Production,Production Technician I,143
1933,48.92,46.41,45.55,46.96,44.86,Lydia Pham,5,Production,Production Technician I,143
1934,41.63,43.36,38.85,41.28,38.73,Virginia Casey,5,Production,Production Technician II,143
1935,54.18,37.15,55.32,48.88,56.77,Joshua Washington,5,Production,Production Technician I,146
1936,52.02,37.95,41.31,43.76,39.41,Kathryn Price,5,Production,Production Technician I,146
1937,57.84,50.26,46.21,51.44,44.36,Francis Robinson,1,Admin Office,Administrative Assistant,113
1938,34.04,44.91,51.41,43.45,57.37,Paula Brown,1,Admin Office,Sr. Accountant,113
1939,41.78,41.34,29.08,37.4,28.45,Kendra Wang,5,Production,Production Technician I,140
1940,52.64,44.94,41.84,46.47,40.08,Ariel Sandoval,5,Production,Production Technician I,140
1941,27.85,53.65,42.47,41.32,52.8,Robert Stark,5,Production,Production Technician I,146
1942,51.03,40.89,34.33,42.08,32.34,Zachary Robinson,3,IT/IS,Network Engineer,124
1943,45.28,32.19,36.2,37.89,34.62,Rebecca Kelly,5,Production,Production Technician I,143
1944,45.43,37.95,29.55,37.64,27.98,Sarah Thompson,6,Sales,Area Sales Manager,147
1945,45.01,28.42,40.75,38.06,40.87,Renee Wolfe,5,Production,Production Technician II,143
1946,40.5,47.7,32.09,40.1,32.81,Alyssa Haynes,6,Sales,Area Sales Manager,106
1947,53.17,52.72,44.67,50.19,43.81,Kristy Hart,5,Production,Production Technician I,143
1948,31.32,34.98,40.87,35.72,43.41,William Keith,1,Admin Office,Administrative Assistant,130
1949,40.05,40.6,42.68,41.11,43.18,Eric Henry,4,Software Engineering,Software Engineer,132
1950,48.65,56.19,50.39,51.74,51.71,Daniel Fox,5,Production,Production Technician II,140
1951,29.52,32.94,47.91,36.79,54.14,Thomas Harris,6,Sales,Area Sales Manager,149
1952,33.15,41.24,47.3,40.56,51.75,Mitchell Sellers,5,Production,Production Technician I,143
1953,40.95,44.74,41.61,42.43,42.19,Erica Johnson,5,Production,Production Technician I,146
1954,33.03,36.73,53.26,41.01,60.06,Sylvia Schroeder,5,Production,Production Technician II,140
1955,35.13,43.04,35.15,37.77,36.45,Shannon Yu,5,Production,Production Technician I,146
1956,36.53,45.74,41.7,41.32,43.98,Tom Foster,5,Production,Production Technician I,140
1957,24.06,37.31,34.29,31.89,39.21,Eric Taylor,5,Production,Production Technician I,146
1958,49.53,40.94,28.45,39.64,27.04,Travis Conner,3,IT/IS,Data Analyst,131
1959,40.47,47.57,28.82,38.95,29.65,Marie Thompson,3,IT/IS,IT Support,131
1960,16.41,31.69,47.65,31.92,66.86,Melissa Mcfarland,5,Production,Production Technician I,146
1961,50.25,49.18,50.68,50.04,50.65,Courtney Chapman,5,Production,Production Technician I,140
1962,35.74,39.84,45.36,40.31,47.87,Eric Barker,5,Production,Production Technician II,146
1963,36.47,44.91,36.31,39.23,37.69,Nicholas Rush,3,IT/IS,Senior BI Developer,124
1964,25.04,39.89,48.57,37.83,59.13,Jenna Gamble,5,Production,Production Technician II,143
1965,43.15,54.85,27.56,41.85,29.66,Amanda Guzman,3,IT/IS,Database Administrator,131
1966,41.91,37.96,32.53,37.47,31.31,Tracy Walker,5,Production,Production Technician II,143
1967,30.09,43.01,56.74,43.28,67.57,Taylor Taylor,3,IT/IS,Database Administrator,131
1968,51.98,55.65,37.9,48.51,37.79,Cynthia Haas,5,Production,Production Technician II,140
1969,35.49,39.41,45.37,40.09,47.94,Stephen Davis,5,Production,Production Technician I,146
1970,46.84,29.17,40.36,38.79,39.98,Margaret Tanner,5,Production,Production Technician I,143
1971,41.8,46.11,38.73,42.21,39.0,Derek Wright,5,Production,Production Technician I,140
1972,54.63,45.85,43.58,48.02,41.71,David Rodriguez,5,Production,Production Technician II,140
1973,30.93,47.4,55.59,44.64,66.03,James Oconnor,5,Production,Production Manager,140
1974,46.07,45.51,57.89,49.82,60.73,Stacey Snyder,3,IT/IS,IT Support,112
1975,33.53,49.45,48.06,43.68,54.26,Joshua Garcia,5,Production,Production Technician II,140
1976,53.87,54.1,40.89,49.62,40.08,Sean Curtis,5,Production,Production Technician I,140
1977,59.43,50.51,31.84,47.26,30.67,Carla Jones,5,Production,Production Technician II,146
1978,38.12,27.92,43.96,36.67,46.5,Elizabeth Flores,6,Sales,Area Sales Manager,149
1979,36.74,38.42,42.55,39.24,43.84,Angela Jackson,5,Production,Production Technician I,143
1980,43.78,56.97,53.28,51.34,57.11,Nicholas Payne,5,Production,Production Manager,146
1981,47.6,38.69,38.37,41.55,36.7,Anna Wheeler,2,Executive Office,President & CEO,104
1982,43.49,37.62,28.39,36.5,27.04,Karen Johnson,5,Production,Production Technician I,143
1983,45.88,44.6,49.51,46.66,50.08,Carmen Preston,5,Production,Production Technician II,140
1984,37.17,51.08,49.39,45.88,54.23,Brian Harris,5,Production,Production Technician I,143
1985,45.55,38.25,31.2,38.33,29.58,Michael Bowen,6,Sales,Area Sales Manager,149
1986,51.93,41.62,57.94,50.5,59.63,Deborah Campbell,5,Production,Production Manager,140
1987,39.33,47.79,40.52,42.55,42.02,Anthony Armstrong,3,IT/IS,Sr. Network Engineer,112
1988,33.71,40.58,50.16,41.48,55.28,Brittany Ward,5,Production,Production Technician II,146
1989,35.9,39.15,41.82,38.96,43.29,Edward Stanley,5,Production,Production Technician II,143
1990,49.58,47.11,45.09,47.26,44.28,Christina Johnson,5,Production,Production Technician I,140
1991,45.6,36.36,36.01,39.32,34.33,Edgar Miller,6,Sales,Area Sales Manager,149
1992,54.75,53.62,40.3,49.56,39.28,Elizabeth Sanders,3,IT/IS,Sr. Network Engineer,124
1993,45.7,40.72,37.45,41.29,36.12,Matthew Davis,3,IT/IS,Data Analyst,131
1994,31.32,38.54,45.34,38.4,49.72,Stephen Wood,5,Production,Production Technician II,146
1995,48.07,53.17,38.42,46.55,38.56,Dennis Marshall,3,IT/IS,Database Administrator,112
1996,45.8,46.56,37.82,43.39,37.23,Derrick Brown,5,Production,Production Technician II,143
1997,49.16,41.21,54.32,48.23,55.47,Joshua Arellano,5,Production,Production Technician I,140
1998,38.26,54.92,32.29,41.82,35.41,Kristen Randall,6,Sales,Area Sales Manager,149
1999,40.44,22.86,50.82,38.04,61.01,Jennifer Nichols,5,Production,Production Technician I,146
